﻿<mockup version="5.3" minAllowVersion="5.3" ID="044AED5F-DBF2-E911-B34E-002332D99750" platform="MtMobile" defaultW="667" defaultH="375" measureW="667" measureH="376" screenOrientation="MoLandscape" mobileScreenScale="1.77777779102325" clipArea="(0,0,667,376)">
  <controls controlCount="6">
    <control controlID="6C6CAE02-DEF2-E911-B34E-002332D99750" controlTypeID="Image" x="0" y="11" w="667" h="355" zOrder="0">
      <URL>23269546D82C25F0DB5664787AA26231.png</URL>
    </control>
    <control controlID="200471E2-DBF2-E911-B34E-002332D99750" controlTypeID="Label" x="64" y="29" w="541" h="67" zOrder="1">
      <font family="Nasa" displayName="Nasa" postScript="Nasa" weightStyle="Medium" weight="500" isBold="False" isItalic="False" useDefaultFontFamily="False"/>
      <text>Build-A-Planet</text>
      <textColor>4294967295</textColor>
      <textSize>72</textSize>
      <lineSpacing>0</lineSpacing>
      <useDefaultTextSize>False</useDefaultTextSize>
      <selectedIndex>-1</selectedIndex>
    </control>
    <control controlID="BA9411F6-DEF2-E911-B34E-002332D99750" controlTypeID="Label" x="348" y="96" w="299" h="40" zOrder="2">
      <font family="Bradley+Hand" displayName="Bradley+Hand+Bold" postScript="BradleyHandITCTT-Bold" weightStyle="Bold" weight="700" isBold="True" isItalic="False" useDefaultFontFamily="False"/>
      <text>Interactive+Cook+Book</text>
      <textColor>4284940287</textColor>
      <textSize>32</textSize>
      <lineSpacing>0</lineSpacing>
      <textStyles>[fsBold]</textStyles>
      <useDefaultTextSize>False</useDefaultTextSize>
      <selectedIndex>-1</selectedIndex>
    </control>
    <control controlID="FE265338-DFF2-E911-B34E-002332D99750" controlTypeID="TextInput" x="265" y="230" w="138" h="39" zOrder="3">
      <font family=".AppleSystemUIFont" displayName=".AppleSystemUIFont" postScript="" weightStyle="Regular" weight="400" isBold="False" isItalic="False" useDefaultFontFamily="False"/>
      <textSize>20</textSize>
      <lineSpacing>0</lineSpacing>
      <selectedIndex>-1</selectedIndex>
      <radius>100</radius>
      <radiusIsPercent>True</radiusIsPercent>
    </control>
    <control controlID="5EE0364A-DFF2-E911-B34E-002332D99750" controlTypeID="Label" x="271" y="204" w="126" h="26" zOrder="4">
      <font family="Baloo" displayName="Baloo" postScript="Baloo-Regular" weightStyle="Regular" weight="400" isBold="False" isItalic="False" useDefaultFontFamily="False"/>
      <text>Enter+your+Name%3A</text>
      <textColor>4294967295</textColor>
      <textSize>16</textSize>
      <lineSpacing>0</lineSpacing>
      <useDefaultTextSize>False</useDefaultTextSize>
      <selectedIndex>-1</selectedIndex>
    </control>
    <control controlID="800FBDED-E6F2-E911-B34E-002332D99750" controlTypeID="Button" x="300" y="279" w="68" h="29" zOrder="5">
      <links eventType="AtClick" animate="AmSlideLeft" animateAutoDelay="0" animateDuration="500">
        <link targetPageID="A6B51F0E-E3F2-E911-B34E-002332D99750" linkType="ltPageLink" isApplyIncludePage="False" title="Introduction">
          <area shape="0" alt="" ID="{A2D34B0F-F1F2-E911-92FF-002332D99750}" coords="(0,0,68,29)"/>
        </link>
      </links>
      <font family="Baloo" displayName="Baloo" postScript="Baloo-Regular" weightStyle="Regular" weight="400" isBold="False" isItalic="False"/>
      <text>OK</text>
      <textSize>20</textSize>
      <lineSpacing>0</lineSpacing>
      <selectedIndex>-1</selectedIndex>
    </control>
  </controls>
  <param>
    <backgroundColor>4294967295</backgroundColor>
    <fontSize>20</fontSize>
    <fontFamily>Baloo</fontFamily>
    <guideLines/>
  </param>
</mockup>