﻿<mockup version="5.3" minAllowVersion="5.3" ID="8005BF2E-F4F2-E911-92FF-002332D99750" platform="MtMobile" defaultW="667" defaultH="375" measureW="667" measureH="375" screenOrientation="MoLandscape" mobileScreenScale="1.77777779102325" clipArea="(0,0,0,0)">
  <controls controlCount="13">
    <control controlID="1874A851-63F3-E911-A7B2-002332D99750" controlTypeID="Image" x="0" y="0" w="668" h="389" zOrder="0">
      <URL>CD09415A40BCF492002857ED2BBA2C10.jpg</URL>
    </control>
    <control controlID="FA82BF6C-63F3-E911-A7B2-002332D99750" controlTypeID="Label" x="63" y="10" w="541" h="67" zOrder="1">
      <font family="Nasa" displayName="Nasa" postScript="Nasa" weightStyle="Medium" weight="500" isBold="False" isItalic="False" useDefaultFontFamily="False"/>
      <text>Build-A-Planet</text>
      <textColor>4294967295</textColor>
      <textSize>72</textSize>
      <lineSpacing>0</lineSpacing>
      <useDefaultTextSize>False</useDefaultTextSize>
      <selectedIndex>-1</selectedIndex>
    </control>
    <control controlID="965EE28C-85F3-E911-A7B2-002332D99750" controlTypeID="TextArea" x="14" y="74" w="647" h="119" zOrder="2">
      <font family="Baloo" displayName="Baloo" postScript="Baloo-Regular" weightStyle="Regular" weight="400" isBold="False" isItalic="False"/>
      <text>You+are+done!+But%2C+just+before+we+see+if+your+recipe+would+result+in+a+possible+planet+capable+of+supporting+LIFE%2C+let's+review+your+settings.+If+you+are+Ok!+with+this+settings%2C+slide+the+screen+to+the+Left%2C+otherwise%2C+go+back+and+change+settings.+Good+Luck!</text>
      <textSize>20</textSize>
      <selectedIndex>-1</selectedIndex>
    </control>
    <control controlID="5E477EF8-68F3-E911-A7B2-002332D99750" controlTypeID="TextArea" x="15" y="72" w="647" h="119" zOrder="3">
      <font family="Baloo" displayName="Baloo" postScript="Baloo-Regular" weightStyle="Regular" weight="400" isBold="False" isItalic="False"/>
      <text>You+are+done!+But%2C+just+before+we+see+if+your+recipe+would+result+in+a+possible+planet+capable+of+supporting+LIFE%2C+let's+review+your+settings.+If+you+are+Ok!+with+this+settings%2C+slide+the+screen+to+the+Left%2C+otherwise%2C+go+back+and+change+settings.+Good+Luck!</text>
      <textColor>4294967040</textColor>
      <textSize>20</textSize>
      <selectedIndex>-1</selectedIndex>
    </control>
    <control controlID="BC8D874F-69F3-E911-A7B2-002332D99750" controlTypeID="PageControlEx" x="274" y="330" w="85" h="40" zOrder="4">
      <links eventType="AtClick" animate="AmSlideRight" animateAutoDelay="0" animateDuration="500">
        <link targetPageID="" linkType="ltPageLink" isApplyIncludePage="False" title="1">
          <area shape="0" alt="" ID="{DA481B03-71F3-E911-A7B2-002332D99750}" coords="(0,0,17,40)"/>
        </link>
        <link targetPageID="" linkType="ltPageLink" isApplyIncludePage="False" title="2">
          <area shape="0" alt="" ID="{7E541B03-71F3-E911-A7B2-002332D99750}" coords="(17,0,34,40)"/>
        </link>
        <link targetPageID="DC33C7D2-80F3-E911-A7B2-002332D99750" linkType="ltPageLink" isApplyIncludePage="False" title="3">
          <area shape="0" alt="" ID="{0A551B03-71F3-E911-A7B2-002332D99750}" coords="(34,0,51,40)"/>
        </link>
        <link targetPageID="" linkType="ltPageLink" isApplyIncludePage="False" title="4">
          <area shape="0" alt="" ID="{82551B03-71F3-E911-A7B2-002332D99750}" coords="(51,0,68,40)"/>
        </link>
        <link targetPageID="A8D04C92-87F3-E911-A7B2-002332D99750" linkType="ltPageLink" isApplyIncludePage="False" title="Results">
          <area shape="0" alt="" ID="{FA551B03-71F3-E911-A7B2-002332D99750}" coords="(68,0,85,40)"/>
        </link>
      </links>
      <gap>10</gap>
      <size>7</size>
    </control>
    <control controlID="3C4C6B3C-6EF3-E911-A7B2-002332D99750" controlTypeID="Label" x="274" y="233" w="76" h="32" zOrder="5">
      <font family="Baloo" displayName="Baloo" postScript="Baloo-Regular" weightStyle="Regular" weight="400" isBold="False" isItalic="False"/>
      <text>Surface%3A</text>
      <textColor>4294967295</textColor>
      <textSize>20</textSize>
      <lineSpacing>0</lineSpacing>
      <selectedIndex>-1</selectedIndex>
    </control>
    <control controlID="54B66546-6FF3-E911-A7B2-002332D99750" controlTypeID="Label" x="10" y="297" w="210" h="32" zOrder="6">
      <font family="Baloo" displayName="Baloo" postScript="Baloo-Regular" weightStyle="Regular" weight="400" isBold="False" isItalic="False"/>
      <text>Distance+from+the+Star%3A</text>
      <textColor>4294967295</textColor>
      <textSize>20</textSize>
      <lineSpacing>0</lineSpacing>
      <selectedIndex>-1</selectedIndex>
    </control>
    <control controlID="F2926FB5-85F3-E911-A7B2-002332D99750" controlTypeID="Label" x="274" y="201" w="115" h="32" zOrder="7">
      <font family="Baloo" displayName="Baloo" postScript="Baloo-Regular" weightStyle="Regular" weight="400" isBold="False" isItalic="False"/>
      <text>Planet+mass%3A</text>
      <textColor>4294967295</textColor>
      <textSize>20</textSize>
      <lineSpacing>0</lineSpacing>
      <selectedIndex>-1</selectedIndex>
    </control>
    <control controlID="5A946FB5-85F3-E911-A7B2-002332D99750" controlTypeID="Label" x="479" y="201" w="54" h="32" zOrder="8">
      <font family="Baloo" displayName="Baloo" postScript="Baloo-Regular" weightStyle="Regular" weight="400" isBold="False" isItalic="False"/>
      <text>Crust%3A</text>
      <textColor>4294967295</textColor>
      <textSize>20</textSize>
      <lineSpacing>0</lineSpacing>
      <selectedIndex>-1</selectedIndex>
    </control>
    <control controlID="FA946FB5-85F3-E911-A7B2-002332D99750" controlTypeID="Label" x="10" y="233" w="47" h="32" zOrder="9">
      <font family="Baloo" displayName="Baloo" postScript="Baloo-Regular" weightStyle="Regular" weight="400" isBold="False" isItalic="False"/>
      <text>Core%3A</text>
      <textColor>4294967295</textColor>
      <textSize>20</textSize>
      <lineSpacing>0</lineSpacing>
      <selectedIndex>-1</selectedIndex>
    </control>
    <control controlID="9A956FB5-85F3-E911-A7B2-002332D99750" controlTypeID="Label" x="10" y="265" w="225" h="32" zOrder="10">
      <font family="Baloo" displayName="Baloo" postScript="Baloo-Regular" weightStyle="Regular" weight="400" isBold="False" isItalic="False"/>
      <text>What+about+In-Between%3F</text>
      <textColor>4294967295</textColor>
      <textSize>20</textSize>
      <lineSpacing>0</lineSpacing>
      <selectedIndex>-1</selectedIndex>
    </control>
    <control controlID="5E3156E2-85F3-E911-A7B2-002332D99750" controlTypeID="Label" x="10" y="201" w="177" h="32" zOrder="11">
      <font family="Baloo" displayName="Baloo" postScript="Baloo-Regular" weightStyle="Regular" weight="400" isBold="False" isItalic="False"/>
      <text>Star's+temperature%3A</text>
      <textColor>4294967295</textColor>
      <textSize>20</textSize>
      <lineSpacing>0</lineSpacing>
      <selectedIndex>-1</selectedIndex>
    </control>
    <control controlID="8697756C-8FF3-E911-A7B2-002332D99750" controlTypeID="Label" x="479" y="233" w="67" h="32" zOrder="12">
      <font family="Baloo" displayName="Baloo" postScript="Baloo-Regular" weightStyle="Regular" weight="400" isBold="False" isItalic="False"/>
      <text>Radius%3A</text>
      <textColor>4294967295</textColor>
      <textSize>20</textSize>
      <lineSpacing>0</lineSpacing>
      <selectedIndex>-1</selectedIndex>
    </control>
  </controls>
  <param>
    <backgroundColor>4294967295</backgroundColor>
    <fontSize>20</fontSize>
    <fontFamily>Baloo</fontFamily>
    <guideLines/>
  </param>
</mockup>