﻿<mockup version="5.3" minAllowVersion="5.3" ID="9206E2C2-9CF3-E911-A7B2-002332D99750" platform="MtMobile" defaultW="667" defaultH="375" measureW="667" measureH="375" screenOrientation="MoLandscape" mobileScreenScale="1.77777779102325" clipArea="(0,0,0,0)">
  <controls controlCount="7">
    <control controlID="4490D705-88F3-E911-A7B2-002332D99750" controlTypeID="Label" x="14" y="9" w="623" h="32" zOrder="0">
      <font family="Baloo" displayName="Baloo" postScript="Baloo-Regular" weightStyle="Regular" weight="400" isBold="False" isItalic="False"/>
      <text>Planetary+Characteristics+required+to+host+life+(so+far%2C+as+we+know+it!)</text>
      <textColor>4294967040</textColor>
      <textSize>20</textSize>
      <lineSpacing>0</lineSpacing>
      <selectedIndex>-1</selectedIndex>
    </control>
    <control controlID="A80854AB-89F3-E911-A7B2-002332D99750" controlTypeID="Button" x="20" y="331" w="120" h="24" zOrder="1">
      <links eventType="AtClick" animate="AmSlideLeft" animateAutoDelay="0" animateDuration="500">
        <link targetPageID="C8996541-6DF3-E911-A7B2-002332D99750" linkType="ltPageLink" isApplyIncludePage="False" title="Planetary+Characteristics">
          <area shape="0" alt="" ID="{149330E2-89F3-E911-A7B2-002332D99750}" coords="(0,0,120,24)"/>
        </link>
      </links>
      <font family="Baloo" displayName="Baloo" postScript="Baloo-Regular" weightStyle="Regular" weight="400" isBold="False" isItalic="False"/>
      <text>Back+to+game</text>
      <lineSpacing>0</lineSpacing>
      <useDefaultTextSize>False</useDefaultTextSize>
      <selectedIndex>-1</selectedIndex>
    </control>
    <control controlID="4AAED0B0-9CF3-E911-A7B2-002332D99750" controlTypeID="Button" x="150" y="331" w="126" h="24" zOrder="2">
      <links eventType="AtClick" animate="AmSlideLeft" animateAutoDelay="0" animateDuration="500">
        <link targetPageID="AE79ADD9-99F3-E911-A7B2-002332D99750" linkType="ltPageLink" isApplyIncludePage="False" title="Info+Planetary+Characteristics">
          <area shape="0" alt="" ID="{38EA2F17-94F3-E911-A7B2-002332D99750}" coords="(0,0,126,24)"/>
        </link>
      </links>
      <font family="Baloo" displayName="Baloo" postScript="Baloo-Regular" weightStyle="Regular" weight="400" isBold="False" isItalic="False"/>
      <text>Next+screen</text>
      <lineSpacing>0</lineSpacing>
      <useDefaultTextSize>False</useDefaultTextSize>
      <selectedIndex>-1</selectedIndex>
    </control>
    <control controlID="86A764C4-9CF3-E911-A7B2-002332D99750" controlTypeID="Button" x="150" y="331" w="126" h="24" zOrder="3">
      <links eventType="AtClick" animate="AmSlideLeft" animateAutoDelay="0" animateDuration="500">
        <link targetPageID="8C31FA5C-98F3-E911-A7B2-002332D99750" linkType="ltPageLink" isApplyIncludePage="False" title="Info+Planetary+Characteristics+2">
          <area shape="0" alt="" ID="{38EA2F17-94F3-E911-A7B2-002332D99750}" coords="(0,0,126,24)"/>
        </link>
      </links>
      <font family="Baloo" displayName="Baloo" postScript="Baloo-Regular" weightStyle="Regular" weight="400" isBold="False" isItalic="False"/>
      <text>Previous+screen</text>
      <lineSpacing>0</lineSpacing>
      <useDefaultTextSize>False</useDefaultTextSize>
      <selectedIndex>-1</selectedIndex>
    </control>
    <control controlID="FC590A2A-B9F3-E911-B34E-002332D99750" controlTypeID="Image" x="233" y="37" w="404" h="284" zOrder="4">
      <URL>969564EF3C2E82C999F7457420A4113D.jpg</URL>
    </control>
    <control controlID="7C95C350-B9F3-E911-B34E-002332D99750" controlTypeID="TextArea" x="28" y="111" w="181" h="75" zOrder="5">
      <font family="Baloo" displayName="Baloo" postScript="Baloo-Regular" weightStyle="Regular" weight="400" isBold="False" isItalic="False"/>
      <text>TRAPPIST-1+Exoplanets+Comparison+to+Our+Solar+System</text>
      <textColor>4294967295</textColor>
      <textSize>16</textSize>
      <textAlign>HaCenter</textAlign>
      <useDefaultTextSize>False</useDefaultTextSize>
    </control>
    <control controlID="96A68180-B9F3-E911-B34E-002332D99750" controlTypeID="Label" x="76" y="196" w="85" h="23" zOrder="6">
      <font family="Baloo" displayName="Baloo" postScript="Baloo-Regular" weightStyle="Regular" weight="400" isBold="False" isItalic="False"/>
      <text>Source%3A+NASA</text>
      <textColor>4294967040</textColor>
      <lineSpacing>0</lineSpacing>
      <useDefaultTextSize>False</useDefaultTextSize>
    </control>
  </controls>
  <param>
    <backgroundColor>4278203238</backgroundColor>
    <fontSize>20</fontSize>
    <fontFamily>Baloo</fontFamily>
    <guideLines/>
  </param>
</mockup>