﻿<mockup version="5.3" minAllowVersion="5.3" ID="8005BF2E-F4F2-E911-92FF-002332D99750" platform="MtMobile" defaultW="667" defaultH="375" measureW="667" measureH="375" screenOrientation="MoLandscape" mobileScreenScale="1.77777779102325" clipArea="(0,0,0,0)">
  <controls controlCount="5">
    <control controlID="1874A851-63F3-E911-A7B2-002332D99750" controlTypeID="Image" x="0" y="0" w="668" h="389" zOrder="0">
      <URL>CD09415A40BCF492002857ED2BBA2C10.jpg</URL>
    </control>
    <control controlID="FA82BF6C-63F3-E911-A7B2-002332D99750" controlTypeID="Label" x="63" y="10" w="541" h="67" zOrder="1">
      <font family="Nasa" displayName="Nasa" postScript="Nasa" weightStyle="Medium" weight="500" isBold="False" isItalic="False" useDefaultFontFamily="False"/>
      <text>Build-A-Planet</text>
      <textColor>4294967295</textColor>
      <textSize>72</textSize>
      <lineSpacing>0</lineSpacing>
      <useDefaultTextSize>False</useDefaultTextSize>
      <selectedIndex>-1</selectedIndex>
    </control>
    <control controlID="BC8D874F-69F3-E911-A7B2-002332D99750" controlTypeID="PageControlEx" x="274" y="330" w="85" h="40" zOrder="2">
      <links eventType="AtClick" animate="AmSlideRight" animateAutoDelay="0" animateDuration="500">
        <link targetPageID="" linkType="ltPageLink" isApplyIncludePage="False" title="1">
          <area shape="0" alt="" ID="{DA481B03-71F3-E911-A7B2-002332D99750}" coords="(0,0,17,40)"/>
        </link>
        <link targetPageID="" linkType="ltPageLink" isApplyIncludePage="False" title="2">
          <area shape="0" alt="" ID="{7E541B03-71F3-E911-A7B2-002332D99750}" coords="(17,0,34,40)"/>
        </link>
        <link targetPageID="DC33C7D2-80F3-E911-A7B2-002332D99750" linkType="ltPageLink" isApplyIncludePage="False" title="3">
          <area shape="0" alt="" ID="{0A551B03-71F3-E911-A7B2-002332D99750}" coords="(34,0,51,40)"/>
        </link>
        <link targetPageID="" linkType="ltPageLink" isApplyIncludePage="False" title="4">
          <area shape="0" alt="" ID="{82551B03-71F3-E911-A7B2-002332D99750}" coords="(51,0,68,40)"/>
        </link>
        <link targetPageID="" linkType="ltPageLink" isApplyIncludePage="False" title="5">
          <area shape="0" alt="" ID="{FA551B03-71F3-E911-A7B2-002332D99750}" coords="(68,0,85,40)"/>
        </link>
      </links>
      <gap>10</gap>
      <size>7</size>
    </control>
    <control controlID="FEACE449-9CF3-E911-A7B2-002332D99750" controlTypeID="TextArea" x="67" y="95" w="555" h="238" zOrder="3">
      <font family="Baloo" displayName="Baloo" postScript="Baloo-Regular" weightStyle="Regular" weight="400" isBold="False" isItalic="False"/>
      <text>RESULTS+will+be+implemented+in+the+second+version+of+this+prototype.+So+far%2C+if+the+player+picked+the+right+settings%2C+a+graphical+representation+will+be+shown%2C+showing+if+the+planet+may+host+life%2C+based+on+what+we+know+so+far.%0A%0AOf+course%2C+there+are+many+other+parameters+to+be+considered%2C+but+hey!+It's+a+GAME!+%3Av%0A</text>
      <textSize>20</textSize>
      <selectedIndex>-1</selectedIndex>
    </control>
    <control controlID="9E247BEC-9BF3-E911-A7B2-002332D99750" controlTypeID="TextArea" x="68" y="92" w="555" h="238" zOrder="4">
      <font family="Baloo" displayName="Baloo" postScript="Baloo-Regular" weightStyle="Regular" weight="400" isBold="False" isItalic="False"/>
      <text>RESULTS+will+be+implemented+in+the+second+version+of+this+prototype.+So+far%2C+if+the+player+picked+the+right+settings%2C+a+graphical+representation+will+be+shown%2C+showing+if+the+planet+may+host+life%2C+based+on+what+we+know+so+far.%0A%0AOf+course%2C+there+are+many+other+parameters+to+be+considered%2C+but+hey!+It's+a+GAME!+%3Av%0A</text>
      <textColor>4284940287</textColor>
      <textSize>20</textSize>
    </control>
  </controls>
  <param>
    <backgroundColor>4294967295</backgroundColor>
    <fontSize>20</fontSize>
    <fontFamily>Baloo</fontFamily>
    <guideLines/>
  </param>
</mockup>