﻿<mockup version="5.3" minAllowVersion="5.3" ID="BA8B14BC-87F3-E911-A7B2-002332D99750" platform="MtMobile" defaultW="667" defaultH="375" measureW="667" measureH="375" screenOrientation="MoLandscape" mobileScreenScale="1.77777779102325" clipArea="(0,0,0,0)">
  <controls controlCount="7">
    <control controlID="4490D705-88F3-E911-A7B2-002332D99750" controlTypeID="Label" x="14" y="9" w="417" h="32" zOrder="0">
      <font family="Baloo" displayName="Baloo" postScript="Baloo-Regular" weightStyle="Regular" weight="400" isBold="False" isItalic="False"/>
      <text>Stellar+Surface+Temperature%3A+The+H-R+Diagram</text>
      <textColor>4294967040</textColor>
      <textSize>20</textSize>
      <lineSpacing>0</lineSpacing>
      <selectedIndex>-1</selectedIndex>
    </control>
    <control controlID="A80854AB-89F3-E911-A7B2-002332D99750" controlTypeID="Button" x="20" y="331" w="120" h="24" zOrder="1">
      <links eventType="AtClick" animate="AmSlideLeft" animateAutoDelay="0" animateDuration="500">
        <link targetPageID="8005BF2E-F4F2-E911-92FF-002332D99750" linkType="ltPageLink" isApplyIncludePage="False" title="Stellar+Temperature">
          <area shape="0" alt="" ID="{149330E2-89F3-E911-A7B2-002332D99750}" coords="(0,0,120,24)"/>
        </link>
      </links>
      <font family="Baloo" displayName="Baloo" postScript="Baloo-Regular" weightStyle="Regular" weight="400" isBold="False" isItalic="False"/>
      <text>Back+to+game</text>
      <lineSpacing>0</lineSpacing>
      <useDefaultTextSize>False</useDefaultTextSize>
      <selectedIndex>-1</selectedIndex>
    </control>
    <control controlID="7C803BB8-8FF3-E911-A7B2-002332D99750" controlTypeID="Button" x="150" y="331" w="126" h="24" zOrder="2">
      <links eventType="AtClick" animate="AmSlideLeft" animateAutoDelay="0" animateDuration="500">
        <link targetPageID="BA8B14BC-87F3-E911-A7B2-002332D99750" linkType="ltPageLink" isApplyIncludePage="False" title="Info+Star+Temperature+1">
          <area shape="0" alt="" ID="{38EA2F17-94F3-E911-A7B2-002332D99750}" coords="(0,0,126,24)"/>
        </link>
      </links>
      <font family="Baloo" displayName="Baloo" postScript="Baloo-Regular" weightStyle="Regular" weight="400" isBold="False" isItalic="False"/>
      <text>Previous+screen</text>
      <lineSpacing>0</lineSpacing>
      <useDefaultTextSize>False</useDefaultTextSize>
      <selectedIndex>-1</selectedIndex>
    </control>
    <control controlID="5EB90628-94F3-E911-A7B2-002332D99750" controlTypeID="Image" x="14" y="41" w="257" h="284" zOrder="3">
      <URL>87E721C5D97EBF539644FB012DC3CA78.jpg</URL>
    </control>
    <control controlID="0847376A-94F3-E911-A7B2-002332D99750" controlTypeID="TextArea" x="281" y="42" w="372" h="283" zOrder="4">
      <font family="Baloo" displayName="Baloo" postScript="Baloo-Regular" weightStyle="Regular" weight="400" isBold="False" isItalic="False"/>
      <text>The+amount+of+power+that+a+star+produces+in+light+is+related+to+the+temperature+of+its+surface+and++the++area++of++the++star.++The++hotter++a++surface++is%2C++the++more++light++it++produces.++The++bigger++a++star++is%2C++the++more++surface++it++has.++When+++these+++relationships+++are+++combined%2C+two+stars+at+the+same+temperature+++++can+++++be+++++vastly+++++different++in++brightness++because++of+their+sizes.%0A%0AAstronomers+have+catalogued+the+stars+using+the+H-R+Diagram%2C+starting+from+the+hottest+(Type+O)%2C+trhough+B%2C+A%2C+F%2C+G%2C+K%2C+M+(the+coldest+stars).+Wanna+learn+it%3F+Try+with%3A</text>
      <textColor>4294967295</textColor>
      <useDefaultTextSize>False</useDefaultTextSize>
      <selectedIndex>-1</selectedIndex>
    </control>
    <control controlID="F48426C1-97F3-E911-A7B2-002332D99750" controlTypeID="Button" x="283" y="331" w="126" h="24" zOrder="5">
      <links eventType="AtClick" animate="AmSlideLeft" animateAutoDelay="0" animateDuration="500">
        <link targetPageID="28622DA5-96F3-E911-A7B2-002332D99750" linkType="ltPageLink" isApplyIncludePage="False" title="Info+Star+Temperature+3">
          <area shape="0" alt="" ID="{38EA2F17-94F3-E911-A7B2-002332D99750}" coords="(0,0,126,24)"/>
        </link>
      </links>
      <font family="Baloo" displayName="Baloo" postScript="Baloo-Regular" weightStyle="Regular" weight="400" isBold="False" isItalic="False"/>
      <text>Next+screen</text>
      <lineSpacing>0</lineSpacing>
      <useDefaultTextSize>False</useDefaultTextSize>
      <selectedIndex>-1</selectedIndex>
    </control>
    <control controlID="1AAEF12D-98F3-E911-A7B2-002332D99750" controlTypeID="Label" x="327" y="289" w="281" h="32" zOrder="6">
      <font family="Baloo" displayName="Baloo" postScript="Baloo-Regular" weightStyle="Regular" weight="400" isBold="False" isItalic="False"/>
      <text>Oh%2C+Be+A+Fine+Girl%2FGuy!+Kiss+Me!</text>
      <textColor>4284940287</textColor>
      <textSize>20</textSize>
      <lineSpacing>0</lineSpacing>
    </control>
  </controls>
  <param>
    <backgroundColor>4278203238</backgroundColor>
    <fontSize>20</fontSize>
    <fontFamily>Baloo</fontFamily>
    <guideLines/>
  </param>
</mockup>