﻿<LinkSources version="1.02">
  <page ID="A6B51F0E-E3F2-E911-B34E-002332D99750">
    <linkSource sourcePageID="044AED5F-DBF2-E911-B34E-002332D99750" comID="800FBDED-E6F2-E911-B34E-002332D99750" comLinkType="cltPageLink"/>
  </page>
  <page ID="8005BF2E-F4F2-E911-92FF-002332D99750">
    <linkSource sourcePageID="A6B51F0E-E3F2-E911-B34E-002332D99750" comID="4647BEBC-E6F2-E911-B34E-002332D99750" comLinkType="cltPageLink"/>
    <linkSource sourcePageID="8005BF2E-F4F2-E911-92FF-002332D99750" comID="BC8D874F-69F3-E911-A7B2-002332D99750" comLinkType="cltPageLink"/>
    <linkSource sourcePageID="C8996541-6DF3-E911-A7B2-002332D99750" comID="BC8D874F-69F3-E911-A7B2-002332D99750" comLinkType="cltPageLink"/>
    <linkSource sourcePageID="DC33C7D2-80F3-E911-A7B2-002332D99750" comID="BC8D874F-69F3-E911-A7B2-002332D99750" comLinkType="cltPageLink"/>
    <linkSource sourcePageID="BA8B14BC-87F3-E911-A7B2-002332D99750" comID="A80854AB-89F3-E911-A7B2-002332D99750" comLinkType="cltPageLink"/>
    <linkSource sourcePageID="FA982817-94F3-E911-A7B2-002332D99750" comID="A80854AB-89F3-E911-A7B2-002332D99750" comLinkType="cltPageLink"/>
    <linkSource sourcePageID="2AC85656-95F3-E911-A7B2-002332D99750" comID="A80854AB-89F3-E911-A7B2-002332D99750" comLinkType="cltPageLink"/>
    <linkSource sourcePageID="28622DA5-96F3-E911-A7B2-002332D99750" comID="A80854AB-89F3-E911-A7B2-002332D99750" comLinkType="cltPageLink"/>
    <linkSource sourcePageID="045DC5AE-A0F3-E911-A7B2-002332D99750" comID="A80854AB-89F3-E911-A7B2-002332D99750" comLinkType="cltPageLink"/>
  </page>
  <page ID="C8996541-6DF3-E911-A7B2-002332D99750">
    <linkSource sourcePageID="8005BF2E-F4F2-E911-92FF-002332D99750" comID="6C364C6E-69F3-E911-A7B2-002332D99750" comLinkType="cltPageLink"/>
    <linkSource sourcePageID="8005BF2E-F4F2-E911-92FF-002332D99750" comID="BC8D874F-69F3-E911-A7B2-002332D99750" comLinkType="cltPageLink"/>
    <linkSource sourcePageID="DC33C7D2-80F3-E911-A7B2-002332D99750" comID="BC8D874F-69F3-E911-A7B2-002332D99750" comLinkType="cltPageLink"/>
    <linkSource sourcePageID="328073F8-84F3-E911-A7B2-002332D99750" comID="BC8D874F-69F3-E911-A7B2-002332D99750" comLinkType="cltPageLink"/>
    <linkSource sourcePageID="2AC85656-95F3-E911-A7B2-002332D99750" comID="A80854AB-89F3-E911-A7B2-002332D99750" comLinkType="cltPageLink"/>
    <linkSource sourcePageID="8C31FA5C-98F3-E911-A7B2-002332D99750" comID="A80854AB-89F3-E911-A7B2-002332D99750" comLinkType="cltPageLink"/>
    <linkSource sourcePageID="40661891-99F3-E911-A7B2-002332D99750" comID="A80854AB-89F3-E911-A7B2-002332D99750" comLinkType="cltPageLink"/>
    <linkSource sourcePageID="AE79ADD9-99F3-E911-A7B2-002332D99750" comID="A80854AB-89F3-E911-A7B2-002332D99750" comLinkType="cltPageLink"/>
    <linkSource sourcePageID="9206E2C2-9CF3-E911-A7B2-002332D99750" comID="A80854AB-89F3-E911-A7B2-002332D99750" comLinkType="cltPageLink"/>
  </page>
  <page ID="DC33C7D2-80F3-E911-A7B2-002332D99750">
    <linkSource sourcePageID="C8996541-6DF3-E911-A7B2-002332D99750" comID="BC8D874F-69F3-E911-A7B2-002332D99750" comLinkType="cltPageLink"/>
    <linkSource sourcePageID="328073F8-84F3-E911-A7B2-002332D99750" comID="BC8D874F-69F3-E911-A7B2-002332D99750" comLinkType="cltPageLink"/>
    <linkSource sourcePageID="A8D04C92-87F3-E911-A7B2-002332D99750" comID="BC8D874F-69F3-E911-A7B2-002332D99750" comLinkType="cltPageLink"/>
    <linkSource sourcePageID="AE79ADD9-99F3-E911-A7B2-002332D99750" comID="A80854AB-89F3-E911-A7B2-002332D99750" comLinkType="cltPageLink"/>
  </page>
  <page ID="328073F8-84F3-E911-A7B2-002332D99750">
    <linkSource sourcePageID="328073F8-84F3-E911-A7B2-002332D99750" comID="BC8D874F-69F3-E911-A7B2-002332D99750" comLinkType="cltPageLink"/>
    <linkSource sourcePageID="DC33C7D2-80F3-E911-A7B2-002332D99750" comID="BC8D874F-69F3-E911-A7B2-002332D99750" comLinkType="cltPageLink"/>
  </page>
  <page ID="A8D04C92-87F3-E911-A7B2-002332D99750">
    <linkSource sourcePageID="328073F8-84F3-E911-A7B2-002332D99750" comID="BC8D874F-69F3-E911-A7B2-002332D99750" comLinkType="cltPageLink"/>
  </page>
  <page ID="BA8B14BC-87F3-E911-A7B2-002332D99750">
    <linkSource sourcePageID="8005BF2E-F4F2-E911-92FF-002332D99750" comID="748011DB-6CF3-E911-A7B2-002332D99750" comLinkType="cltPageLink"/>
    <linkSource sourcePageID="FA982817-94F3-E911-A7B2-002332D99750" comID="7C803BB8-8FF3-E911-A7B2-002332D99750" comLinkType="cltPageLink"/>
    <linkSource sourcePageID="2AC85656-95F3-E911-A7B2-002332D99750" comID="7C803BB8-8FF3-E911-A7B2-002332D99750" comLinkType="cltPageLink"/>
    <linkSource sourcePageID="28622DA5-96F3-E911-A7B2-002332D99750" comID="7C803BB8-8FF3-E911-A7B2-002332D99750" comLinkType="cltPageLink"/>
    <linkSource sourcePageID="FA982817-94F3-E911-A7B2-002332D99750" comID="F48426C1-97F3-E911-A7B2-002332D99750" comLinkType="cltPageLink"/>
    <linkSource sourcePageID="8C31FA5C-98F3-E911-A7B2-002332D99750" comID="4AAED0B0-9CF3-E911-A7B2-002332D99750" comLinkType="cltPageLink"/>
    <linkSource sourcePageID="9206E2C2-9CF3-E911-A7B2-002332D99750" comID="86A764C4-9CF3-E911-A7B2-002332D99750" comLinkType="cltPageLink"/>
    <linkSource sourcePageID="8C31FA5C-98F3-E911-A7B2-002332D99750" comID="8A2BF0E2-9CF3-E911-A7B2-002332D99750" comLinkType="cltPageLink"/>
    <linkSource sourcePageID="6E0C5EDF-9FF3-E911-A7B2-002332D99750" comID="3EF20419-A0F3-E911-A7B2-002332D99750" comLinkType="cltPageLink"/>
  </page>
  <page ID="FA982817-94F3-E911-A7B2-002332D99750">
    <linkSource sourcePageID="BA8B14BC-87F3-E911-A7B2-002332D99750" comID="7C803BB8-8FF3-E911-A7B2-002332D99750" comLinkType="cltPageLink"/>
    <linkSource sourcePageID="28622DA5-96F3-E911-A7B2-002332D99750" comID="7C803BB8-8FF3-E911-A7B2-002332D99750" comLinkType="cltPageLink"/>
    <linkSource sourcePageID="045DC5AE-A0F3-E911-A7B2-002332D99750" comID="7C803BB8-8FF3-E911-A7B2-002332D99750" comLinkType="cltPageLink"/>
  </page>
  <page ID="28622DA5-96F3-E911-A7B2-002332D99750">
    <linkSource sourcePageID="FA982817-94F3-E911-A7B2-002332D99750" comID="F48426C1-97F3-E911-A7B2-002332D99750" comLinkType="cltPageLink"/>
  </page>
  <page ID="2AC85656-95F3-E911-A7B2-002332D99750">
    <linkSource sourcePageID="C8996541-6DF3-E911-A7B2-002332D99750" comID="748011DB-6CF3-E911-A7B2-002332D99750" comLinkType="cltPageLink"/>
    <linkSource sourcePageID="8C31FA5C-98F3-E911-A7B2-002332D99750" comID="8A2BF0E2-9CF3-E911-A7B2-002332D99750" comLinkType="cltPageLink"/>
    <linkSource sourcePageID="6E0C5EDF-9FF3-E911-A7B2-002332D99750" comID="1681EF30-A0F3-E911-A7B2-002332D99750" comLinkType="cltPageLink"/>
  </page>
  <page ID="8C31FA5C-98F3-E911-A7B2-002332D99750">
    <linkSource sourcePageID="9206E2C2-9CF3-E911-A7B2-002332D99750" comID="86A764C4-9CF3-E911-A7B2-002332D99750" comLinkType="cltPageLink"/>
  </page>
  <page ID="9206E2C2-9CF3-E911-A7B2-002332D99750">
    <linkSource sourcePageID="8C31FA5C-98F3-E911-A7B2-002332D99750" comID="4AAED0B0-9CF3-E911-A7B2-002332D99750" comLinkType="cltPageLink"/>
  </page>
  <page ID="AE79ADD9-99F3-E911-A7B2-002332D99750">
    <linkSource sourcePageID="8C31FA5C-98F3-E911-A7B2-002332D99750" comID="4AAED0B0-9CF3-E911-A7B2-002332D99750" comLinkType="cltPageLink"/>
    <linkSource sourcePageID="9206E2C2-9CF3-E911-A7B2-002332D99750" comID="4AAED0B0-9CF3-E911-A7B2-002332D99750" comLinkType="cltPageLink"/>
    <linkSource sourcePageID="DC33C7D2-80F3-E911-A7B2-002332D99750" comID="748011DB-6CF3-E911-A7B2-002332D99750" comLinkType="cltPageLink"/>
    <linkSource sourcePageID="6E0C5EDF-9FF3-E911-A7B2-002332D99750" comID="2E781948-A0F3-E911-A7B2-002332D99750" comLinkType="cltPageLink"/>
  </page>
  <page ID="6E0C5EDF-9FF3-E911-A7B2-002332D99750">
    <linkSource sourcePageID="A6B51F0E-E3F2-E911-B34E-002332D99750" comID="52E8455B-E6F2-E911-B34E-002332D99750" comLinkType="cltPageLink"/>
  </page>
</LinkSources>