﻿<project version="2.9" name="Build-A-Planet Interactive Cookbook" ID="2C40ED5F-DBF2-E911-B34E-002332D99750">
  <params>
    <pageParam version="5.3" minAllowVersion="5.3"/>
    <projectParam version="2.9" minAllowVersion="2.9" platform="MtMobile" orientation="MoLandscape" mobileScreenScale="1.77777779102325" mobileType="mmtIOS" pageSize="(667,375)" backgroundColor="4294967295" fontSize="20" fontFamily="Baloo" projectType="ptPersonalProject" isShowTitleIndex="True"/>
    <previewParam version="1.0"/>
    <colorParam version="1.0"/>
  </params>
  <pages>
    <page name="Home" ID="044AED5F-DBF2-E911-B34E-002332D99750" expanded="True" code="Qx5f53iS2V" thumbCode="Qx5f53iS2V" status="psWhite" isfolder="False" isshownode="True">
      <images>
        <image key="23269546D82C25F0DB5664787AA26231.png"/>
      </images>
    </page>
    <page name="Introduction" ID="A6B51F0E-E3F2-E911-B34E-002332D99750" expanded="True" code="LMhxJDiQZL" thumbCode="LMhxJDiQZL" status="psWhite" isfolder="False" isshownode="True">
      <images>
        <image key="A934D8EF138820098FC0AA8AE88AE213.png"/>
      </images>
    </page>
    <page name="Stellar Temperature" ID="8005BF2E-F4F2-E911-92FF-002332D99750" expanded="True" code="139Cd9QXOb" thumbCode="139Cd9QXOb" status="psWhite" isfolder="False" isshownode="True">
      <images>
        <image key="CD09415A40BCF492002857ED2BBA2C10.jpg"/>
      </images>
    </page>
    <page name="Planetary Characteristics" ID="C8996541-6DF3-E911-A7B2-002332D99750" expanded="True" code="34Oh8pGvcP" thumbCode="34Oh8pGvcP" status="psWhite" isfolder="False" isshownode="True">
      <images>
        <image key="CD09415A40BCF492002857ED2BBA2C10.jpg"/>
      </images>
    </page>
    <page name="Atmospheric and Other Characteristics" ID="DC33C7D2-80F3-E911-A7B2-002332D99750" expanded="True" code="3nGzmL1lUo" thumbCode="3nGzmL1lUo" status="psWhite" isfolder="False" isshownode="True">
      <images>
        <image key="CD09415A40BCF492002857ED2BBA2C10.jpg"/>
      </images>
    </page>
    <page name="Revision" ID="328073F8-84F3-E911-A7B2-002332D99750" expanded="True" code="lQUOjLbFHI" thumbCode="lQUOjLbFHI" status="psWhite" isfolder="False" isshownode="True">
      <images>
        <image key="CD09415A40BCF492002857ED2BBA2C10.jpg"/>
      </images>
    </page>
    <page name="Results" ID="A8D04C92-87F3-E911-A7B2-002332D99750" expanded="False" code="x5kZ4XzGVL" thumbCode="x5kZ4XzGVL" status="psWhite" isfolder="False" isshownode="True">
      <images>
        <image key="CD09415A40BCF492002857ED2BBA2C10.jpg"/>
      </images>
    </page>
    <page name="Info Star Temperature 1" ID="BA8B14BC-87F3-E911-A7B2-002332D99750" expanded="True" code="jYqliiMUNM" thumbCode="Yv9qQzHBDS" status="psWhite" isfolder="False" isshownode="True"/>
    <page name="Info Star Temperature 2" ID="FA982817-94F3-E911-A7B2-002332D99750" expanded="True" code="uV9z8HzSLb" thumbCode="uV9z8HzSLb" status="psWhite" isfolder="False" isshownode="True">
      <images>
        <image key="87E721C5D97EBF539644FB012DC3CA78.jpg"/>
      </images>
    </page>
    <page name="Info Star Temperature 3" ID="28622DA5-96F3-E911-A7B2-002332D99750" expanded="True" code="9iMrooGfiR" thumbCode="9iMrooGfiR" status="psWhite" isfolder="False" isshownode="True">
      <images>
        <image key="4051CECD5E6012CFE4C72E42C83BC15F.jpg"/>
      </images>
    </page>
    <page name="Info Planetary Characteristics 1" ID="2AC85656-95F3-E911-A7B2-002332D99750" expanded="True" code="YlQzlRegBm" thumbCode="YlQzlRegBm" status="psWhite" isfolder="False" isshownode="True">
      <images>
        <image key="44BCFB72BC3D61A23141F4C3F88A9330.png"/>
      </images>
    </page>
    <page name="Info Planetary Characteristics 2" ID="8C31FA5C-98F3-E911-A7B2-002332D99750" expanded="True" code="PcBCf9GM2T" thumbCode="PcBCf9GM2T" status="psWhite" isfolder="False" isshownode="True"/>
    <page name="Info Planetary Characteristics" ID="9206E2C2-9CF3-E911-A7B2-002332D99750" expanded="False" code="qmKjhEj2NH" thumbCode="IfMCgVdh5N" isLastOpen="True" status="psWhite" isfolder="False" isshownode="True">
      <images>
        <image key="969564EF3C2E82C999F7457420A4113D.jpg"/>
      </images>
    </page>
    <page name="Info Planetary Surface Type" ID="AE79ADD9-99F3-E911-A7B2-002332D99750" expanded="True" code="mIJsqCQM8Y" thumbCode="yol5hzh7SS" status="psWhite" isfolder="False" isshownode="True">
      <images>
        <image key="7655F1B60306E3E91642C97267943166.png"/>
      </images>
    </page>
    <page name="Info Before You Begin" ID="6E0C5EDF-9FF3-E911-A7B2-002332D99750" expanded="True" code="eAbijsModj" thumbCode="eAbijsModj" status="psWhite" isfolder="False" isshownode="True">
      <images>
        <image key="87E721C5D97EBF539644FB012DC3CA78.jpg"/>
        <image key="4051CECD5E6012CFE4C72E42C83BC15F.jpg"/>
        <image key="3F407E4EFD695191A40154BF89731C23.jpg"/>
      </images>
    </page>
  </pages>
  <trash>
    <page name="Info Planetary Characteristics" ID="40661891-99F3-E911-A7B2-002332D99750" expanded="False" code="oSnSQwXTcv" thumbCode="EZxNbHlbzx" isLastOpen="True" status="psWhite" isfolder="False" isshownode="True"/>
    <page name="9 Info Star Temperature" ID="045DC5AE-A0F3-E911-A7B2-002332D99750" expanded="False" code="XgW2VijFW4" thumbCode="ESQhq7FBI9" isLastOpen="True" status="psWhite" isfolder="False" isshownode="True"/>
  </trash>
  <deletes/>
  <masters/>
  <images>
    <image key="87E721C5D97EBF539644FB012DC3CA78.jpg"/>
    <image key="44BCFB72BC3D61A23141F4C3F88A9330.png"/>
    <image key="CD09415A40BCF492002857ED2BBA2C10.jpg"/>
    <image key="7655F1B60306E3E91642C97267943166.png"/>
    <image key="23269546D82C25F0DB5664787AA26231.png"/>
    <image key="969564EF3C2E82C999F7457420A4113D.jpg"/>
    <image key="4051CECD5E6012CFE4C72E42C83BC15F.jpg"/>
    <image key="A934D8EF138820098FC0AA8AE88AE213.png"/>
    <image key="3F407E4EFD695191A40154BF89731C23.jpg"/>
  </images>
</project>