﻿<mockup version="5.3" minAllowVersion="5.3" ID="BA8B14BC-87F3-E911-A7B2-002332D99750" platform="MtMobile" defaultW="667" defaultH="375" measureW="667" measureH="375" screenOrientation="MoLandscape" mobileScreenScale="1.77777779102325" clipArea="(0,0,0,0)">
  <controls controlCount="5">
    <control controlID="4490D705-88F3-E911-A7B2-002332D99750" controlTypeID="Label" x="14" y="9" w="546" h="32" zOrder="0">
      <font family="Baloo" displayName="Baloo" postScript="Baloo-Regular" weightStyle="Regular" weight="400" isBold="False" isItalic="False"/>
      <text>Stellar+Surface+Temperature%3A+The+Goldilock's+Habitable+Zone</text>
      <textColor>4294967040</textColor>
      <textSize>20</textSize>
      <lineSpacing>0</lineSpacing>
      <selectedIndex>-1</selectedIndex>
    </control>
    <control controlID="A80854AB-89F3-E911-A7B2-002332D99750" controlTypeID="Button" x="20" y="331" w="120" h="24" zOrder="1">
      <links eventType="AtClick" animate="AmSlideLeft" animateAutoDelay="0" animateDuration="500">
        <link targetPageID="8005BF2E-F4F2-E911-92FF-002332D99750" linkType="ltPageLink" isApplyIncludePage="False" title="Stellar+Temperature">
          <area shape="0" alt="" ID="{149330E2-89F3-E911-A7B2-002332D99750}" coords="(0,0,120,24)"/>
        </link>
      </links>
      <font family="Baloo" displayName="Baloo" postScript="Baloo-Regular" weightStyle="Regular" weight="400" isBold="False" isItalic="False"/>
      <text>Back+to+game</text>
      <lineSpacing>0</lineSpacing>
      <useDefaultTextSize>False</useDefaultTextSize>
      <selectedIndex>-1</selectedIndex>
    </control>
    <control controlID="7C803BB8-8FF3-E911-A7B2-002332D99750" controlTypeID="Button" x="150" y="331" w="126" h="24" zOrder="2">
      <links eventType="AtClick" animate="AmSlideLeft" animateAutoDelay="0" animateDuration="500">
        <link targetPageID="FA982817-94F3-E911-A7B2-002332D99750" linkType="ltPageLink" isApplyIncludePage="False" title="Info+Star+Temperature+2">
          <area shape="0" alt="" ID="{38EA2F17-94F3-E911-A7B2-002332D99750}" coords="(0,0,126,24)"/>
        </link>
      </links>
      <font family="Baloo" displayName="Baloo" postScript="Baloo-Regular" weightStyle="Regular" weight="400" isBold="False" isItalic="False"/>
      <text>Previous+screen</text>
      <lineSpacing>0</lineSpacing>
      <useDefaultTextSize>False</useDefaultTextSize>
      <selectedIndex>-1</selectedIndex>
    </control>
    <control controlID="5EB90628-94F3-E911-A7B2-002332D99750" controlTypeID="Image" x="14" y="88" w="259" h="200" zOrder="3">
      <URL>4051CECD5E6012CFE4C72E42C83BC15F.jpg</URL>
    </control>
    <control controlID="0847376A-94F3-E911-A7B2-002332D99750" controlTypeID="TextArea" x="287" y="42" w="370" h="323" zOrder="4">
      <font family="Baloo" displayName="Baloo" postScript="Baloo-Regular" weightStyle="Regular" weight="400" isBold="False" isItalic="False"/>
      <text>In+order+to+host+life%2C+we+think+that+the+planet+must+be+placed+in+a+zone+where+the+temperature+is+enough+to+keep+water+in+the+3+most+know+states%3A+solid%2C+liquid+and+gas.%0A%0AWhile+the+size+and+composition+of+both+planets+and+stars+are+critical+to+habitability%2C+so+is+time.+Big+bright+stars+burn+out+far+more+quickly+than+their+more+modest+counterparts.+The+brightest+burn+for+only+a+few+million+years%2C+then+flame+out%3B+meanwhile%2C+our+sun+has+been+shining+steadily+for+4.5+billion+years%2C+with+about+another+5+billion+years+to+go.+At+that+point+it+will+swell+to+many+times+its+previous+size+to+possibly+engulf+Earth+and+the+rest+of+the+inner+planets%2C+though+any+lingering+Earth+life+would+long+since+have+burned+to+a+crisp.</text>
      <textColor>4294967295</textColor>
      <useDefaultTextSize>False</useDefaultTextSize>
      <selectedIndex>-1</selectedIndex>
    </control>
  </controls>
  <param>
    <backgroundColor>4278203238</backgroundColor>
    <fontSize>20</fontSize>
    <fontFamily>Baloo</fontFamily>
    <guideLines/>
  </param>
</mockup>