﻿<mockup version="5.3" minAllowVersion="5.3" ID="BA8B14BC-87F3-E911-A7B2-002332D99750" platform="MtMobile" defaultW="667" defaultH="375" measureW="667" measureH="375" screenOrientation="MoLandscape" mobileScreenScale="1.77777779102325" clipArea="(0,0,0,0)">
  <controls controlCount="5">
    <control controlID="4490D705-88F3-E911-A7B2-002332D99750" controlTypeID="Label" x="14" y="9" w="623" h="32" zOrder="0">
      <font family="Baloo" displayName="Baloo" postScript="Baloo-Regular" weightStyle="Regular" weight="400" isBold="False" isItalic="False"/>
      <text>Planetary+Characteristics+required+to+host+life+(so+far%2C+as+we+know+it!)</text>
      <textColor>4294967040</textColor>
      <textSize>20</textSize>
      <lineSpacing>0</lineSpacing>
      <selectedIndex>-1</selectedIndex>
    </control>
    <control controlID="A80854AB-89F3-E911-A7B2-002332D99750" controlTypeID="Button" x="20" y="331" w="120" h="24" zOrder="1">
      <links eventType="AtClick" animate="AmSlideLeft" animateAutoDelay="0" animateDuration="500">
        <link targetPageID="C8996541-6DF3-E911-A7B2-002332D99750" linkType="ltPageLink" isApplyIncludePage="False" title="Planetary+Characteristics">
          <area shape="0" alt="" ID="{149330E2-89F3-E911-A7B2-002332D99750}" coords="(0,0,120,24)"/>
        </link>
      </links>
      <font family="Baloo" displayName="Baloo" postScript="Baloo-Regular" weightStyle="Regular" weight="400" isBold="False" isItalic="False"/>
      <text>Back+to+game</text>
      <lineSpacing>0</lineSpacing>
      <useDefaultTextSize>False</useDefaultTextSize>
      <selectedIndex>-1</selectedIndex>
    </control>
    <control controlID="7C803BB8-8FF3-E911-A7B2-002332D99750" controlTypeID="Button" x="150" y="331" w="126" h="24" zOrder="2">
      <links eventType="AtClick" animate="AmSlideLeft" animateAutoDelay="0" animateDuration="500">
        <link targetPageID="BA8B14BC-87F3-E911-A7B2-002332D99750" linkType="ltPageLink" isApplyIncludePage="False" title="Info+Star+Temperature+1">
          <area shape="0" alt="" ID="{38EA2F17-94F3-E911-A7B2-002332D99750}" coords="(0,0,126,24)"/>
        </link>
      </links>
      <font family="Baloo" displayName="Baloo" postScript="Baloo-Regular" weightStyle="Regular" weight="400" isBold="False" isItalic="False"/>
      <text>Next+screen</text>
      <lineSpacing>0</lineSpacing>
      <useDefaultTextSize>False</useDefaultTextSize>
      <selectedIndex>-1</selectedIndex>
    </control>
    <control controlID="0847376A-94F3-E911-A7B2-002332D99750" controlTypeID="TextArea" x="342" y="54" w="305" h="283" zOrder="3">
      <font family="Baloo" displayName="Baloo" postScript="Baloo-Regular" weightStyle="Regular" weight="400" isBold="False" isItalic="False"/>
      <text>One+of+the+prime+limiting+factors+in+finding+out+if+an+exoplanet+may+be+capable+to+host+life%2C+is+that+we+only+know+one+type+of+carbon-based+type+of+life%3A+Ours%2C+here+on+Earth!%0A%0AAlthough+a+huge+number+of+exoplanets+have+been+identified+and+catalogued%2C+many+of+them+are+too+big+to+host+an+hospitable+atmosphere%2C+water%2C+and+the+chemical+elements+and+coumpounds+that+may+produce+a+living+organism%2C+even+a+microbial+one.</text>
      <textColor>4294967295</textColor>
      <useDefaultTextSize>False</useDefaultTextSize>
      <selectedIndex>-1</selectedIndex>
    </control>
    <control controlID="941995D9-95F3-E911-A7B2-002332D99750" controlTypeID="Image" x="17" y="58" w="315" h="244" zOrder="4">
      <URL>44BCFB72BC3D61A23141F4C3F88A9330.png</URL>
    </control>
  </controls>
  <param>
    <backgroundColor>4278203238</backgroundColor>
    <fontSize>20</fontSize>
    <fontFamily>Baloo</fontFamily>
    <guideLines/>
  </param>
</mockup>