﻿<mockup version="5.3" minAllowVersion="5.3" ID="BA8B14BC-87F3-E911-A7B2-002332D99750" platform="MtMobile" defaultW="667" defaultH="375" measureW="667" measureH="375" screenOrientation="MoLandscape" mobileScreenScale="1.77777779102325" clipArea="(0,0,0,0)">
  <controls controlCount="7">
    <control controlID="4490D705-88F3-E911-A7B2-002332D99750" controlTypeID="Label" x="14" y="9" w="365" h="32" zOrder="0">
      <font family="Baloo" displayName="Baloo" postScript="Baloo-Regular" weightStyle="Regular" weight="400" isBold="False" isItalic="False"/>
      <text>What+do+you+need+to+know+before+start%3F</text>
      <textColor>4294967040</textColor>
      <textSize>20</textSize>
      <lineSpacing>0</lineSpacing>
      <selectedIndex>-1</selectedIndex>
    </control>
    <control controlID="3EF20419-A0F3-E911-A7B2-002332D99750" controlTypeID="Image" x="44" y="79" w="182" h="185" zOrder="1">
      <links eventType="AtClick" animate="AmSlideLeft" animateAutoDelay="0" animateDuration="500">
        <link targetPageID="BA8B14BC-87F3-E911-A7B2-002332D99750" linkType="ltPageLink" isApplyIncludePage="False" title="Info+Star+Temperature+1">
          <area shape="0" alt="" ID="{1CF60419-A0F3-E911-A7B2-002332D99750}" coords="(0,0,182,185)"/>
        </link>
      </links>
      <URL>87E721C5D97EBF539644FB012DC3CA78.jpg</URL>
    </control>
    <control controlID="1681EF30-A0F3-E911-A7B2-002332D99750" controlTypeID="Image" x="243" y="80" w="182" h="185" zOrder="2">
      <links eventType="AtClick" animate="AmSlideLeft" animateAutoDelay="0" animateDuration="500">
        <link targetPageID="2AC85656-95F3-E911-A7B2-002332D99750" linkType="ltPageLink" isApplyIncludePage="False" title="Info+Planetary+Characteristics+1">
          <area shape="0" alt="" ID="{0C9DB8B9-A0F3-E911-A7B2-002332D99750}" coords="(0,0,182,185)"/>
        </link>
      </links>
      <URL>4051CECD5E6012CFE4C72E42C83BC15F.jpg</URL>
    </control>
    <control controlID="2E781948-A0F3-E911-A7B2-002332D99750" controlTypeID="Image" x="442" y="80" w="182" h="185" zOrder="3">
      <links eventType="AtClick" animate="AmSlideLeft" animateAutoDelay="0" animateDuration="500">
        <link targetPageID="AE79ADD9-99F3-E911-A7B2-002332D99750" linkType="ltPageLink" isApplyIncludePage="False" title="Info+Planetary+Surface+Type">
          <area shape="0" alt="" ID="{CEEDBEB9-A0F3-E911-A7B2-002332D99750}" coords="(0,0,182,185)"/>
        </link>
      </links>
      <URL>3F407E4EFD695191A40154BF89731C23.jpg</URL>
    </control>
    <control controlID="C4517757-A0F3-E911-A7B2-002332D99750" controlTypeID="Label" x="81" y="274" w="108" h="32" zOrder="4">
      <font family="Baloo" displayName="Baloo" postScript="Baloo-Regular" weightStyle="Regular" weight="400" isBold="False" isItalic="False"/>
      <text>About+Stars</text>
      <textColor>4294967295</textColor>
      <textSize>20</textSize>
      <lineSpacing>0</lineSpacing>
      <selectedIndex>-1</selectedIndex>
    </control>
    <control controlID="4E498A68-A0F3-E911-A7B2-002332D99750" controlTypeID="Label" x="257" y="274" w="154" h="32" zOrder="5">
      <font family="Baloo" displayName="Baloo" postScript="Baloo-Regular" weightStyle="Regular" weight="400" isBold="False" isItalic="False"/>
      <text>What+Life+Needs!</text>
      <textColor>4294967295</textColor>
      <textSize>20</textSize>
      <lineSpacing>0</lineSpacing>
      <selectedIndex>-1</selectedIndex>
    </control>
    <control controlID="DA12B97F-A0F3-E911-A7B2-002332D99750" controlTypeID="Label" x="471" y="274" w="123" h="32" zOrder="6">
      <font family="Baloo" displayName="Baloo" postScript="Baloo-Regular" weightStyle="Regular" weight="400" isBold="False" isItalic="False"/>
      <text>Extra+Details!</text>
      <textColor>4294967295</textColor>
      <textSize>20</textSize>
      <lineSpacing>0</lineSpacing>
      <selectedIndex>-1</selectedIndex>
    </control>
  </controls>
  <param>
    <backgroundColor>4278203238</backgroundColor>
    <fontSize>20</fontSize>
    <fontFamily>Baloo</fontFamily>
    <guideLines/>
  </param>
</mockup>