﻿<mockup version="5.3" minAllowVersion="5.3" ID="8005BF2E-F4F2-E911-92FF-002332D99750" platform="MtMobile" defaultW="667" defaultH="375" measureW="667" measureH="375" screenOrientation="MoLandscape" mobileScreenScale="1.77777779102325" clipArea="(0,0,0,0)">
  <controls controlCount="7">
    <control controlID="1874A851-63F3-E911-A7B2-002332D99750" controlTypeID="Image" x="0" y="0" w="668" h="389" zOrder="0">
      <URL>CD09415A40BCF492002857ED2BBA2C10.jpg</URL>
    </control>
    <control controlID="FA82BF6C-63F3-E911-A7B2-002332D99750" controlTypeID="Label" x="63" y="10" w="541" h="67" zOrder="1">
      <font family="Nasa" displayName="Nasa" postScript="Nasa" weightStyle="Medium" weight="500" isBold="False" isItalic="False" useDefaultFontFamily="False"/>
      <text>Build-A-Planet</text>
      <textColor>4294967295</textColor>
      <textSize>72</textSize>
      <lineSpacing>0</lineSpacing>
      <useDefaultTextSize>False</useDefaultTextSize>
      <selectedIndex>-1</selectedIndex>
    </control>
    <control controlID="1034157E-6CF3-E911-A7B2-002332D99750" controlTypeID="TextArea" x="14" y="85" w="647" h="63" zOrder="2">
      <font family="Baloo" displayName="Baloo" postScript="Baloo-Regular" weightStyle="Regular" weight="400" isBold="False" isItalic="False"/>
      <text>Let's+pre-heat+the+environment.+Please+select+the+surface+temperature+of+your+Stellar+Furnace%3A</text>
      <textSize>20</textSize>
      <selectedIndex>-1</selectedIndex>
    </control>
    <control controlID="5E477EF8-68F3-E911-A7B2-002332D99750" controlTypeID="TextArea" x="15" y="83" w="647" h="63" zOrder="3">
      <font family="Baloo" displayName="Baloo" postScript="Baloo-Regular" weightStyle="Regular" weight="400" isBold="False" isItalic="False"/>
      <text>Let's+pre-heat+the+environment.+Please+select+the+surface+temperature+of+your+Stellar+Furnace%3A</text>
      <textColor>4294967040</textColor>
      <textSize>20</textSize>
      <selectedIndex>-1</selectedIndex>
    </control>
    <control controlID="BC8D874F-69F3-E911-A7B2-002332D99750" controlTypeID="PageControlEx" x="274" y="330" w="85" h="40" zOrder="4">
      <links eventType="AtClick" animate="AmSlideLeft" animateAutoDelay="0" animateDuration="500">
        <link targetPageID="" linkType="ltPageLink" isApplyIncludePage="False" title="1">
          <area shape="0" alt="" ID="{22ECB6B8-70F3-E911-A7B2-002332D99750}" coords="(0,0,17,40)"/>
        </link>
        <link targetPageID="C8996541-6DF3-E911-A7B2-002332D99750" linkType="ltPageLink" isApplyIncludePage="False" title="2">
          <area shape="0" alt="" ID="{D0F7B6B8-70F3-E911-A7B2-002332D99750}" coords="(17,0,34,40)"/>
        </link>
        <link targetPageID="" linkType="ltPageLink" isApplyIncludePage="False" title="3">
          <area shape="0" alt="" ID="{5CF8B6B8-70F3-E911-A7B2-002332D99750}" coords="(34,0,51,40)"/>
        </link>
        <link targetPageID="" linkType="ltPageLink" isApplyIncludePage="False" title="4">
          <area shape="0" alt="" ID="{D4F8B6B8-70F3-E911-A7B2-002332D99750}" coords="(51,0,68,40)"/>
        </link>
        <link targetPageID="" linkType="ltPageLink" isApplyIncludePage="False" title="5">
          <area shape="0" alt="" ID="{4CF9B6B8-70F3-E911-A7B2-002332D99750}" coords="(68,0,85,40)"/>
        </link>
      </links>
      <gap>10</gap>
      <size>7</size>
      <selectedIndex>0</selectedIndex>
    </control>
    <control controlID="6C364C6E-69F3-E911-A7B2-002332D99750" controlTypeID="RadioButtonGroup" x="50" y="156" w="575" h="82" zOrder="5">
      <caption>StarSurfaceTemperature</caption>
      <borderColor>4294967295</borderColor>
      <font family="Baloo" displayName="Baloo" postScript="Baloo-Regular" weightStyle="Regular" weight="400" isBold="False" isItalic="False"/>
      <text>O%3A+40%2C000+K%0AB%3A+20%2C000+K%0AA%3A+++9%2C000+K%0AF%3A++++7%2C000+K%0AG%3A+++5%2C500+K%0AK%3A+++4%2C500+K%0AM%3A++3%2C000+K+</text>
      <textColor>4294967295</textColor>
      <textSize>20</textSize>
      <lineSpacing>0</lineSpacing>
      <selectedIndex>-1</selectedIndex>
      <columnCount>4</columnCount>
      <size>15</size>
      <itemHeight>36</itemHeight>
      <itemRect>[{"left":0,"top":0,"right":132,"bottom":36},{"left":142,"top":0,"right":271,"bottom":36},{"left":281,"top":0,"right":406,"bottom":36},{"left":416,"top":0,"right":541,"bottom":36},{"left":0,"top":46,"right":132,"bottom":82},{"left":142,"top":46,"right":271,"bottom":82},{"left":281,"top":46,"right":406,"bottom":82}]</itemRect>
    </control>
    <control controlID="748011DB-6CF3-E911-A7B2-002332D99750" controlTypeID="Button" x="534" y="307" w="121" h="58" zOrder="6">
      <caption>BtnHRDiagram</caption>
      <opacity>0.5</opacity>
      <links eventType="AtClick" animate="AmSlideLeft" animateAutoDelay="0" animateDuration="500">
        <link targetPageID="BA8B14BC-87F3-E911-A7B2-002332D99750" linkType="ltPageLink" isApplyIncludePage="False" title="8+Info+Star+Temperature">
          <area shape="0" alt="" ID="{EA4D0ACD-89F3-E911-A7B2-002332D99750}" coords="(0,0,121,58)"/>
        </link>
      </links>
      <font family="Baloo" displayName="Baloo" postScript="Baloo-Regular" weightStyle="Regular" weight="400" isBold="False" isItalic="False"/>
      <text>Learn+about+the+star's+surface+temperature</text>
      <textSize>12</textSize>
      <lineSpacing>0</lineSpacing>
      <useDefaultTextSize>False</useDefaultTextSize>
      <selectedIndex>-1</selectedIndex>
    </control>
  </controls>
  <param>
    <backgroundColor>4294967295</backgroundColor>
    <fontSize>20</fontSize>
    <fontFamily>Baloo</fontFamily>
    <guideLines/>
  </param>
</mockup>