﻿<mockup version="5.3" minAllowVersion="5.3" ID="BA8B14BC-87F3-E911-A7B2-002332D99750" platform="MtMobile" defaultW="667" defaultH="375" measureW="667" measureH="375" screenOrientation="MoLandscape" mobileScreenScale="1.77777779102325" clipArea="(0,0,0,0)">
  <controls controlCount="5">
    <control controlID="4490D705-88F3-E911-A7B2-002332D99750" controlTypeID="Label" x="14" y="9" w="623" h="32" zOrder="0">
      <font family="Baloo" displayName="Baloo" postScript="Baloo-Regular" weightStyle="Regular" weight="400" isBold="False" isItalic="False"/>
      <text>Planetary+Characteristics+required+to+host+life+(so+far%2C+as+we+know+it!)</text>
      <textColor>4294967040</textColor>
      <textSize>20</textSize>
      <lineSpacing>0</lineSpacing>
      <selectedIndex>-1</selectedIndex>
    </control>
    <control controlID="A80854AB-89F3-E911-A7B2-002332D99750" controlTypeID="Button" x="20" y="331" w="120" h="24" zOrder="1">
      <links eventType="AtClick" animate="AmSlideLeft" animateAutoDelay="0" animateDuration="500">
        <link targetPageID="C8996541-6DF3-E911-A7B2-002332D99750" linkType="ltPageLink" isApplyIncludePage="False" title="Planetary+Characteristics">
          <area shape="0" alt="" ID="{149330E2-89F3-E911-A7B2-002332D99750}" coords="(0,0,120,24)"/>
        </link>
      </links>
      <font family="Baloo" displayName="Baloo" postScript="Baloo-Regular" weightStyle="Regular" weight="400" isBold="False" isItalic="False"/>
      <text>Back+to+game</text>
      <lineSpacing>0</lineSpacing>
      <useDefaultTextSize>False</useDefaultTextSize>
      <selectedIndex>-1</selectedIndex>
    </control>
    <control controlID="0847376A-94F3-E911-A7B2-002332D99750" controlTypeID="TextArea" x="20" y="54" w="627" h="283" zOrder="2">
      <font family="Baloo" displayName="Baloo" postScript="Baloo-Regular" weightStyle="Regular" weight="400" isBold="False" isItalic="False"/>
      <text>One+of+the+important+factors+for+a+planet%2C+is+that+having+a+strong-enough+magnetic+field+may+help+to+protect+the+surface+from+the+energy+and+radiation+coming+from+its+star.+(Earth+has+it!).+This+will+deflect+dangeours+particles+and+avoid+any+existing+atmosphere+to+be+blown-away.%0A%0AIf+the+planet+is+too+large+(more+than+1.5+the+Earth+radii)%2C+its+gravity+and+atmosphere+might+be+too+large+and+thick+to+allow+life+(think+of+Neptune!)%0A%0AHaving+volcanoes+and+lava+might+help%2C+but+if+there+is+too+many%2C+instead+of+an+habitable+surface%2C+we+will+have+a+pressure-cooker+(yeap%2C+that's+Venus!)%0A%0AIf+it+is+barren%2C+small%2C+and+with+no+magnetic+field+(produced+by+an+iron-nickel+rich+core%2C+and+mantle+containing+magma)%2C+the+star+will+eventually+dry+it+off.+(poor+Mars!)%0A</text>
      <textColor>4294967295</textColor>
      <useDefaultTextSize>False</useDefaultTextSize>
      <selectedIndex>-1</selectedIndex>
    </control>
    <control controlID="4AAED0B0-9CF3-E911-A7B2-002332D99750" controlTypeID="Button" x="289" y="331" w="126" h="24" zOrder="3">
      <links eventType="AtClick" animate="AmSlideLeft" animateAutoDelay="0" animateDuration="500">
        <link targetPageID="9206E2C2-9CF3-E911-A7B2-002332D99750" linkType="ltPageLink" isApplyIncludePage="False" title="Info+Planetary+Characteristics">
          <area shape="0" alt="" ID="{38EA2F17-94F3-E911-A7B2-002332D99750}" coords="(0,0,126,24)"/>
        </link>
      </links>
      <font family="Baloo" displayName="Baloo" postScript="Baloo-Regular" weightStyle="Regular" weight="400" isBold="False" isItalic="False"/>
      <text>Next+screen</text>
      <lineSpacing>0</lineSpacing>
      <useDefaultTextSize>False</useDefaultTextSize>
      <selectedIndex>-1</selectedIndex>
    </control>
    <control controlID="8A2BF0E2-9CF3-E911-A7B2-002332D99750" controlTypeID="Button" x="153" y="331" w="126" h="24" zOrder="4">
      <links eventType="AtClick" animate="AmSlideLeft" animateAutoDelay="0" animateDuration="500">
        <link targetPageID="2AC85656-95F3-E911-A7B2-002332D99750" linkType="ltPageLink" isApplyIncludePage="False" title="Info+Planetary+Characteristics+1">
          <area shape="0" alt="" ID="{38EA2F17-94F3-E911-A7B2-002332D99750}" coords="(0,0,126,24)"/>
        </link>
      </links>
      <font family="Baloo" displayName="Baloo" postScript="Baloo-Regular" weightStyle="Regular" weight="400" isBold="False" isItalic="False"/>
      <text>Previous+screen</text>
      <lineSpacing>0</lineSpacing>
      <useDefaultTextSize>False</useDefaultTextSize>
      <selectedIndex>-1</selectedIndex>
    </control>
  </controls>
  <param>
    <backgroundColor>4278203238</backgroundColor>
    <fontSize>20</fontSize>
    <fontFamily>Baloo</fontFamily>
    <guideLines/>
  </param>
</mockup>