﻿<mockup version="5.3" minAllowVersion="5.3" ID="A6B51F0E-E3F2-E911-B34E-002332D99750" platform="MtMobile" defaultW="667" defaultH="375" measureW="667" measureH="375" screenOrientation="MoLandscape" mobileScreenScale="1.77777779102325" clipArea="(0,0,0,0)">
  <controls controlCount="5">
    <control controlID="C2EEBA4A-E3F2-E911-B34E-002332D99750" controlTypeID="Image" x="0" y="0" w="667" h="370" zOrder="0">
      <opacity>0.899999976158142</opacity>
      <URL>A934D8EF138820098FC0AA8AE88AE213.png</URL>
    </control>
    <control controlID="52284BF8-E5F2-E911-B34E-002332D99750" controlTypeID="TextArea" x="22" y="23" w="623" h="279" zOrder="1">
      <font family="Baloo" displayName="Baloo" postScript="Baloo-Regular" weightStyle="Regular" weight="400" isBold="False" isItalic="False" useDefaultFontFamily="False"/>
      <text>Welcome%2C+Exo+Builder.+In+order+to+%22cook%22+your+own+planet%2C+select+from+the+different+options+available+below.+Be+aware+that+not+every+combination+may+result+in+a+suitable+working+planet+that+may+harbor+LIFE.+In+order+to+improve+your+chances%2C+we+recommend+to+visit+our+%22Before+you+Begin+to+Cook%22+section.%0A%0AGood+luck%2C+and+may+the+Probabilty+and+Odds+be+with+you!+(and+of+course...+have+fun!)</text>
      <textSize>20</textSize>
      <textAlign>HaCenter</textAlign>
      <textVAlign>VaMiddle</textVAlign>
      <useDefaultTextSize>False</useDefaultTextSize>
      <selectedIndex>-1</selectedIndex>
    </control>
    <control controlID="34264340-E4F2-E911-B34E-002332D99750" controlTypeID="TextArea" x="24" y="21" w="623" h="279" zOrder="2">
      <font family="Baloo" displayName="Baloo" postScript="Baloo-Regular" weightStyle="Regular" weight="400" isBold="False" isItalic="False" useDefaultFontFamily="False"/>
      <text>Welcome%2C+Exo+Builder.+In+order+to+%22cook%22+your+own+planet%2C+select+from+the+different+options+available+below.+Be+aware+that+not+every+combination+may+result+in+a+suitable+working+planet+that+may+harbor+LIFE.+In+order+to+improve+your+chances%2C+we+recommend+to+visit+our+%22Before+you+Begin+to+Cook%22+section.%0A%0AGood+luck%2C+and+may+the+Probabilty+and+Odds+be+with+you!+(and+of+course...+have+fun!)</text>
      <textColor>4281597951</textColor>
      <textSize>20</textSize>
      <textAlign>HaCenter</textAlign>
      <textVAlign>VaMiddle</textVAlign>
      <useDefaultTextSize>False</useDefaultTextSize>
      <selectedIndex>-1</selectedIndex>
    </control>
    <control controlID="52E8455B-E6F2-E911-B34E-002332D99750" controlTypeID="Button" x="102" y="292" w="148" h="63" zOrder="3">
      <caption>BeforeYouBegin</caption>
      <color>4284900966</color>
      <borderVisible>False</borderVisible>
      <links eventType="AtClick" animate="AmSlideLeft" animateAutoDelay="0" animateDuration="500">
        <link targetPageID="6E0C5EDF-9FF3-E911-A7B2-002332D99750" linkType="ltPageLink" isApplyIncludePage="False" title="Info+Before+You+Begin">
          <area shape="0" alt="" ID="{C01F52DA-A0F3-E911-A7B2-002332D99750}" coords="(0,0,148,63)"/>
        </link>
      </links>
      <font family=".AppleSystemUIFont" displayName=".AppleSystemUIFont" postScript="" weightStyle="Regular" weight="400" isBold="False" isItalic="False" useDefaultFontFamily="False"/>
      <text>Before+you+Begin+to+Cook</text>
      <textColor>4294967295</textColor>
      <textSize>20</textSize>
      <lineSpacing>0</lineSpacing>
      <useDefaultTextSize>False</useDefaultTextSize>
      <selectedIndex>-1</selectedIndex>
    </control>
    <control controlID="4647BEBC-E6F2-E911-B34E-002332D99750" controlTypeID="Button" x="420" y="292" w="148" h="63" zOrder="4">
      <caption>BeforeYouBegin</caption>
      <color>4284900966</color>
      <borderVisible>False</borderVisible>
      <links eventType="AtClick" animate="AmSlideLeft" animateAutoDelay="0" animateDuration="500">
        <link targetPageID="8005BF2E-F4F2-E911-92FF-002332D99750" linkType="ltPageLink" isApplyIncludePage="False" title="Stellar+Temperature">
          <area shape="0" alt="" ID="{5CA53E52-70F3-E911-A7B2-002332D99750}" coords="(0,0,148,63)"/>
        </link>
      </links>
      <font family=".AppleSystemUIFont" displayName=".AppleSystemUIFont" postScript="" weightStyle="Regular" weight="400" isBold="False" isItalic="False" useDefaultFontFamily="False"/>
      <text>Let's+Cook+a+Planet!</text>
      <textColor>4294967295</textColor>
      <textSize>20</textSize>
      <lineSpacing>0</lineSpacing>
      <useDefaultTextSize>False</useDefaultTextSize>
      <selectedIndex>-1</selectedIndex>
    </control>
  </controls>
  <param>
    <backgroundColor>4294967295</backgroundColor>
    <fontSize>20</fontSize>
    <fontFamily>Baloo</fontFamily>
    <guideLines/>
  </param>
</mockup>