﻿<mockup version="5.3" minAllowVersion="5.3" ID="BA8B14BC-87F3-E911-A7B2-002332D99750" platform="MtMobile" defaultW="667" defaultH="375" measureW="667" measureH="375" screenOrientation="MoLandscape" mobileScreenScale="1.77777779102325" clipArea="(0,0,0,0)">
  <controls controlCount="4">
    <control controlID="4490D705-88F3-E911-A7B2-002332D99750" controlTypeID="Label" x="14" y="9" w="594" h="32" zOrder="0">
      <font family="Baloo" displayName="Baloo" postScript="Baloo-Regular" weightStyle="Regular" weight="400" isBold="False" isItalic="False"/>
      <text>Surface+Characteristics%3A+How+are+the+possible+surfaces+out+there%3F</text>
      <textColor>4294967040</textColor>
      <textSize>20</textSize>
      <lineSpacing>0</lineSpacing>
      <selectedIndex>-1</selectedIndex>
    </control>
    <control controlID="A80854AB-89F3-E911-A7B2-002332D99750" controlTypeID="Button" x="20" y="331" w="120" h="24" zOrder="1">
      <links eventType="AtClick" animate="AmSlideLeft" animateAutoDelay="0" animateDuration="500">
        <link targetPageID="DC33C7D2-80F3-E911-A7B2-002332D99750" linkType="ltPageLink" isApplyIncludePage="False" title="Atmospheric+and+Other+Characteristics">
          <area shape="0" alt="" ID="{149330E2-89F3-E911-A7B2-002332D99750}" coords="(0,0,120,24)"/>
        </link>
      </links>
      <font family="Baloo" displayName="Baloo" postScript="Baloo-Regular" weightStyle="Regular" weight="400" isBold="False" isItalic="False"/>
      <text>Back+to+game</text>
      <lineSpacing>0</lineSpacing>
      <useDefaultTextSize>False</useDefaultTextSize>
      <selectedIndex>-1</selectedIndex>
    </control>
    <control controlID="0847376A-94F3-E911-A7B2-002332D99750" controlTypeID="TextArea" x="20" y="46" w="345" h="283" zOrder="2">
      <font family="Baloo" displayName="Baloo" postScript="Baloo-Regular" weightStyle="Regular" weight="400" isBold="False" isItalic="False"/>
      <text>Depending+on+many+factors+we+may+find+planets+with+enough+water+and+chemistry+to+kick+life+(Smooshy!+like+Earth)+on+its+surface.+We+may+find+dried+out+surface+(again%2C+like+Mars)%2C+also+frozen+surfaces+(like+the+moon+Europe%2C+orbiting+Jupiter%3B+or+Titan%2C+orbiting+Saturn)%0A%0AIt+may+happen+that+the+planet+might+be+gravitational+locked+to+its+star%2C+with+an+orbital+period+equal+to+its+rotational+period.+If+a+planet+like+this%2C+is+in+the+Goldilock's+Zone%2C+it+may+have+a+Frozen+hemishere%2C+a+Rocky+intermediate+zone%2C+and+a+Liquid+hemisphere+(the+so-called+%22Eyeball+planets%22)</text>
      <textColor>4294967295</textColor>
      <useDefaultTextSize>False</useDefaultTextSize>
      <selectedIndex>-1</selectedIndex>
    </control>
    <control controlID="22B98460-9CF3-E911-A7B2-002332D99750" controlTypeID="Image" x="365" y="62" w="289" h="275" zOrder="3">
      <URL>7655F1B60306E3E91642C97267943166.png</URL>
    </control>
  </controls>
  <param>
    <backgroundColor>4278203238</backgroundColor>
    <fontSize>20</fontSize>
    <fontFamily>Baloo</fontFamily>
    <guideLines/>
  </param>
</mockup>