﻿<mockup version="5.3" minAllowVersion="5.3" ID="BA8B14BC-87F3-E911-A7B2-002332D99750" platform="MtMobile" defaultW="667" defaultH="375" measureW="667" measureH="375" screenOrientation="MoLandscape" mobileScreenScale="1.77777779102325" clipArea="(0,0,0,0)">
  <controls controlCount="5">
    <control controlID="4490D705-88F3-E911-A7B2-002332D99750" controlTypeID="Label" x="14" y="9" w="417" h="32" zOrder="0">
      <font family="Baloo" displayName="Baloo" postScript="Baloo-Regular" weightStyle="Regular" weight="400" isBold="False" isItalic="False"/>
      <text>Stellar+Surface+Temperature%3A+The+H-R+Diagram</text>
      <textColor>4294967040</textColor>
      <textSize>20</textSize>
      <lineSpacing>0</lineSpacing>
      <selectedIndex>-1</selectedIndex>
    </control>
    <control controlID="5213E82C-88F3-E911-A7B2-002332D99750" controlTypeID="TextArea" x="14" y="41" w="623" h="147" zOrder="1">
      <font family="Baloo" displayName="Baloo" postScript="Baloo-Regular" weightStyle="Regular" weight="400" isBold="False" isItalic="False"/>
      <text>Stars+are+the+most+widely+recognized+astronomical+objects%2C+and+represent+the+most+fundamental+building+blocks+of+galaxies.+The+age%2C+distribution%2C+and+composition+of+the+stars+in+a+galaxy+trace+the+history%2C+dynamics%2C+and+evolution+of+that+galaxy.+Moreover%2C+stars+are+responsible+for+the+manufacture+and+distribution+of+heavy+elements+such+as+carbon%2C+nitrogen%2C+and+oxygen%2C+and+their+characteristics+are+intimately+tied+to+the+characteristics+of+the+planetary+systems+that+may+coalesce+about+them.+</text>
      <textColor>4294967295</textColor>
      <useDefaultTextSize>False</useDefaultTextSize>
      <selectedIndex>-1</selectedIndex>
    </control>
    <control controlID="5C60C9F3-88F3-E911-A7B2-002332D99750" controlTypeID="TextArea" x="13" y="179" w="622" h="124" zOrder="2">
      <font family="Baloo" displayName="Baloo" postScript="Baloo-Regular" weightStyle="Regular" weight="400" isBold="False" isItalic="False"/>
      <text>The+Hertzsprung-Russell+diagram%2C+or+H-R+diagram%2C+is+the+periodic+table+of+the+stars+%E2%80%93+an+analog+of+the+periodic+table+of+the+elements.+It+was+discovered+that+when+the+luminosity+(absolute+magnitude+or+brightness)+of+stars+is+plotted+against+their+temperature+(stellar+classification)+the+stars+are+not+randomly+distributed+on+the+graph+but+are+mostly+restricted+to+a+few+well-defined+regions.+%0A%0A</text>
      <textColor>4294967295</textColor>
      <useDefaultTextSize>False</useDefaultTextSize>
      <selectedIndex>-1</selectedIndex>
    </control>
    <control controlID="A80854AB-89F3-E911-A7B2-002332D99750" controlTypeID="Button" x="20" y="331" w="120" h="24" zOrder="3">
      <links eventType="AtClick" animate="AmSlideLeft" animateAutoDelay="0" animateDuration="500">
        <link targetPageID="8005BF2E-F4F2-E911-92FF-002332D99750" linkType="ltPageLink" isApplyIncludePage="False" title="Stellar+Temperature">
          <area shape="0" alt="" ID="{149330E2-89F3-E911-A7B2-002332D99750}" coords="(0,0,120,24)"/>
        </link>
      </links>
      <font family="Baloo" displayName="Baloo" postScript="Baloo-Regular" weightStyle="Regular" weight="400" isBold="False" isItalic="False"/>
      <text>Back+to+game</text>
      <lineSpacing>0</lineSpacing>
      <useDefaultTextSize>False</useDefaultTextSize>
      <selectedIndex>-1</selectedIndex>
    </control>
    <control controlID="7C803BB8-8FF3-E911-A7B2-002332D99750" controlTypeID="Button" x="155" y="331" w="126" h="24" zOrder="4">
      <links eventType="AtClick" animate="AmSlideLeft" animateAutoDelay="0" animateDuration="500">
        <link targetPageID="FA982817-94F3-E911-A7B2-002332D99750" linkType="ltPageLink" isApplyIncludePage="False" title="Info+Star+Temperature+2">
          <area shape="0" alt="" ID="{74D7A0B3-94F3-E911-A7B2-002332D99750}" coords="(0,0,126,24)"/>
        </link>
      </links>
      <font family="Baloo" displayName="Baloo" postScript="Baloo-Regular" weightStyle="Regular" weight="400" isBold="False" isItalic="False"/>
      <text>Next+screen</text>
      <lineSpacing>0</lineSpacing>
      <useDefaultTextSize>False</useDefaultTextSize>
      <selectedIndex>-1</selectedIndex>
    </control>
  </controls>
  <param>
    <backgroundColor>4278203238</backgroundColor>
    <fontSize>20</fontSize>
    <fontFamily>Baloo</fontFamily>
    <guideLines/>
  </param>
</mockup>