﻿<mockup version="5.3" minAllowVersion="5.3" ID="8005BF2E-F4F2-E911-92FF-002332D99750" platform="MtMobile" defaultW="667" defaultH="375" measureW="667" measureH="375" screenOrientation="MoLandscape" mobileScreenScale="1.77777779102325" clipArea="(0,0,0,0)">
  <controls controlCount="24">
    <control controlID="1874A851-63F3-E911-A7B2-002332D99750" controlTypeID="Image" x="0" y="0" w="668" h="389" zOrder="0">
      <URL>CD09415A40BCF492002857ED2BBA2C10.jpg</URL>
    </control>
    <control controlID="FA82BF6C-63F3-E911-A7B2-002332D99750" controlTypeID="Label" x="63" y="10" w="541" h="67" zOrder="1">
      <font family="Nasa" displayName="Nasa" postScript="Nasa" weightStyle="Medium" weight="500" isBold="False" isItalic="False" useDefaultFontFamily="False"/>
      <text>Build-A-Planet</text>
      <textColor>4294967295</textColor>
      <textSize>72</textSize>
      <lineSpacing>0</lineSpacing>
      <useDefaultTextSize>False</useDefaultTextSize>
      <selectedIndex>-1</selectedIndex>
    </control>
    <control controlID="D09F4DAA-6DF3-E911-A7B2-002332D99750" controlTypeID="TextArea" x="14" y="88" w="647" h="63" zOrder="2">
      <font family="Baloo" displayName="Baloo" postScript="Baloo-Regular" weightStyle="Regular" weight="400" isBold="False" isItalic="False"/>
      <text>Prepare+the+Dough!+Please+select+how+do+you+like+your+planet's+texture.+Pick+carefully!</text>
      <textSize>20</textSize>
      <selectedIndex>-1</selectedIndex>
    </control>
    <control controlID="5E477EF8-68F3-E911-A7B2-002332D99750" controlTypeID="TextArea" x="15" y="86" w="647" h="63" zOrder="3">
      <font family="Baloo" displayName="Baloo" postScript="Baloo-Regular" weightStyle="Regular" weight="400" isBold="False" isItalic="False"/>
      <text>Prepare+the+Dough!+Please+select+how+do+you+like+your+planet's+texture.+Pick+carefully!</text>
      <textColor>4294967040</textColor>
      <textSize>20</textSize>
      <selectedIndex>-1</selectedIndex>
    </control>
    <control controlID="BC8D874F-69F3-E911-A7B2-002332D99750" controlTypeID="PageControlEx" x="274" y="330" w="85" h="40" zOrder="4">
      <links eventType="AtClick" animate="AmSlideLeft" animateAutoDelay="0" animateDuration="500">
        <link targetPageID="8005BF2E-F4F2-E911-92FF-002332D99750" linkType="ltPageLink" isApplyIncludePage="False" title="1">
          <area shape="0" alt="" ID="{DA481B03-71F3-E911-A7B2-002332D99750}" coords="(0,0,17,40)"/>
        </link>
        <link targetPageID="" linkType="ltPageLink" isApplyIncludePage="False" title="2">
          <area shape="0" alt="" ID="{7E541B03-71F3-E911-A7B2-002332D99750}" coords="(17,0,34,40)"/>
        </link>
        <link targetPageID="DC33C7D2-80F3-E911-A7B2-002332D99750" linkType="ltPageLink" isApplyIncludePage="False" title="3">
          <area shape="0" alt="" ID="{0A551B03-71F3-E911-A7B2-002332D99750}" coords="(34,0,51,40)"/>
        </link>
        <link targetPageID="" linkType="ltPageLink" isApplyIncludePage="False" title="4">
          <area shape="0" alt="" ID="{82551B03-71F3-E911-A7B2-002332D99750}" coords="(51,0,68,40)"/>
        </link>
        <link targetPageID="" linkType="ltPageLink" isApplyIncludePage="False" title="5">
          <area shape="0" alt="" ID="{FA551B03-71F3-E911-A7B2-002332D99750}" coords="(68,0,85,40)"/>
        </link>
      </links>
      <gap>10</gap>
      <size>7</size>
      <selectedIndex>1</selectedIndex>
    </control>
    <control controlID="748011DB-6CF3-E911-A7B2-002332D99750" controlTypeID="Button" x="534" y="307" w="121" h="58" zOrder="5">
      <opacity>0.5</opacity>
      <links eventType="AtClick" animate="AmSlideLeft" animateAutoDelay="0" animateDuration="500">
        <link targetPageID="2AC85656-95F3-E911-A7B2-002332D99750" linkType="ltPageLink" isApplyIncludePage="False" title="Info+Planetary+Characteristics+1">
          <area shape="0" alt="" ID="{789B66A0-9CF3-E911-A7B2-002332D99750}" coords="(0,0,121,58)"/>
        </link>
      </links>
      <font family="Baloo" displayName="Baloo" postScript="Baloo-Regular" weightStyle="Regular" weight="400" isBold="False" isItalic="False"/>
      <text>Learn+about+the+planetary+characteristics</text>
      <textSize>12</textSize>
      <lineSpacing>0</lineSpacing>
      <useDefaultTextSize>False</useDefaultTextSize>
      <selectedIndex>-1</selectedIndex>
    </control>
    <control controlID="AAFD2931-6EF3-E911-A7B2-002332D99750" controlTypeID="HSlider" x="147" y="174" w="200" h="14" zOrder="6">
      <progress>4</progress>
      <trackColor>4294967295</trackColor>
    </control>
    <control controlID="3C4C6B3C-6EF3-E911-A7B2-002332D99750" controlTypeID="Label" x="22" y="165" w="115" h="32" zOrder="7">
      <font family="Baloo" displayName="Baloo" postScript="Baloo-Regular" weightStyle="Regular" weight="400" isBold="False" isItalic="False"/>
      <text>Planet+mass%3A</text>
      <textColor>4294967295</textColor>
      <textSize>20</textSize>
      <lineSpacing>0</lineSpacing>
      <selectedIndex>-1</selectedIndex>
    </control>
    <control controlID="F0C74C94-6EF3-E911-A7B2-002332D99750" controlTypeID="Label" x="154" y="150" w="27" h="32" zOrder="8">
      <font family="Baloo" displayName="Baloo" postScript="Baloo-Regular" weightStyle="Regular" weight="400" isBold="False" isItalic="False"/>
      <text>0.5</text>
      <textColor>4294967295</textColor>
      <textSize>20</textSize>
      <lineSpacing>0</lineSpacing>
      <selectedIndex>-1</selectedIndex>
    </control>
    <control controlID="B2BC81A8-6EF3-E911-A7B2-002332D99750" controlTypeID="Label" x="210" y="150" w="24" h="32" zOrder="9">
      <font family="Baloo" displayName="Baloo" postScript="Baloo-Regular" weightStyle="Regular" weight="400" isBold="False" isItalic="False"/>
      <text>1.0</text>
      <textColor>4294967295</textColor>
      <textSize>20</textSize>
      <lineSpacing>0</lineSpacing>
      <selectedIndex>-1</selectedIndex>
    </control>
    <control controlID="90DA86B6-6EF3-E911-A7B2-002332D99750" controlTypeID="Label" x="262" y="150" w="23" h="32" zOrder="10">
      <font family="Baloo" displayName="Baloo" postScript="Baloo-Regular" weightStyle="Regular" weight="400" isBold="False" isItalic="False"/>
      <text>1.5</text>
      <textColor>4294967295</textColor>
      <textSize>20</textSize>
      <lineSpacing>0</lineSpacing>
      <selectedIndex>-1</selectedIndex>
    </control>
    <control controlID="D41FD3D1-6EF3-E911-A7B2-002332D99750" controlTypeID="Label" x="312" y="150" w="27" h="32" zOrder="11">
      <font family="Baloo" displayName="Baloo" postScript="Baloo-Regular" weightStyle="Regular" weight="400" isBold="False" isItalic="False"/>
      <text>2.0</text>
      <textColor>4294967295</textColor>
      <textSize>20</textSize>
      <lineSpacing>0</lineSpacing>
      <selectedIndex>-1</selectedIndex>
    </control>
    <control controlID="08377CF6-6EF3-E911-A7B2-002332D99750" controlTypeID="Label" x="22" y="207" w="54" h="32" zOrder="12">
      <font family="Baloo" displayName="Baloo" postScript="Baloo-Regular" weightStyle="Regular" weight="400" isBold="False" isItalic="False"/>
      <text>Crust%3A</text>
      <textColor>4294967295</textColor>
      <textSize>20</textSize>
      <lineSpacing>0</lineSpacing>
      <selectedIndex>-1</selectedIndex>
    </control>
    <control controlID="DE23480D-6FF3-E911-A7B2-002332D99750" controlTypeID="RadioButtonGroup" x="88" y="205" w="160" h="36" zOrder="13">
      <font family="Baloo" displayName="Baloo" postScript="Baloo-Regular" weightStyle="Regular" weight="400" isBold="False" isItalic="False"/>
      <text>Thin%0AThick</text>
      <textColor>4294967295</textColor>
      <textSize>20</textSize>
      <lineSpacing>0</lineSpacing>
      <columnCount>2</columnCount>
      <size>15</size>
      <itemHeight>36</itemHeight>
      <itemRect>[{"left":0,"top":0,"right":68,"bottom":36},{"left":78,"top":0,"right":155,"bottom":36}]</itemRect>
    </control>
    <control controlID="54B66546-6FF3-E911-A7B2-002332D99750" controlTypeID="Label" x="22" y="251" w="47" h="32" zOrder="14">
      <font family="Baloo" displayName="Baloo" postScript="Baloo-Regular" weightStyle="Regular" weight="400" isBold="False" isItalic="False"/>
      <text>Core%3A</text>
      <textColor>4294967295</textColor>
      <textSize>20</textSize>
      <lineSpacing>0</lineSpacing>
      <selectedIndex>-1</selectedIndex>
    </control>
    <control controlID="8EDBB85C-6FF3-E911-A7B2-002332D99750" controlTypeID="RadioButtonGroup" x="74" y="251" w="581" h="36" zOrder="15">
      <font family="Baloo" displayName="Baloo" postScript="Baloo-Regular" weightStyle="Regular" weight="400" isBold="False" isItalic="False"/>
      <text>Heavy+Metal+Heart%0ARock-and-Roll+Soul%0ACrunchy+Snacks</text>
      <textColor>4294967295</textColor>
      <textSize>20</textSize>
      <lineSpacing>0</lineSpacing>
      <columnCount>3</columnCount>
      <size>15</size>
      <itemHeight>36</itemHeight>
      <itemRect>[{"left":0,"top":0,"right":195,"bottom":36},{"left":205,"top":0,"right":404,"bottom":36},{"left":414,"top":0,"right":584,"bottom":36}]</itemRect>
    </control>
    <control controlID="8AADEB93-73F3-E911-A7B2-002332D99750" controlTypeID="Label" x="22" y="297" w="225" h="32" zOrder="16">
      <font family="Baloo" displayName="Baloo" postScript="Baloo-Regular" weightStyle="Regular" weight="400" isBold="False" isItalic="False"/>
      <text>What+about+In-Between%3F</text>
      <textColor>4294967295</textColor>
      <textSize>20</textSize>
      <lineSpacing>0</lineSpacing>
      <selectedIndex>-1</selectedIndex>
    </control>
    <control controlID="AA76F3C5-73F3-E911-A7B2-002332D99750" controlTypeID="RadioButtonGroup" x="255" y="296" w="207" h="36" zOrder="17">
      <font family="Baloo" displayName="Baloo" postScript="Baloo-Regular" weightStyle="Regular" weight="400" isBold="False" isItalic="False"/>
      <text>Fluid%0ANot+fluid</text>
      <textColor>4294967295</textColor>
      <textSize>20</textSize>
      <lineSpacing>0</lineSpacing>
      <columnCount>2</columnCount>
      <size>15</size>
      <itemHeight>36</itemHeight>
      <itemRect>[{"left":0,"top":0,"right":73,"bottom":36},{"left":83,"top":0,"right":191,"bottom":36}]</itemRect>
    </control>
    <control controlID="D263012D-8FF3-E911-A7B2-002332D99750" controlTypeID="HSlider" x="455" y="174" w="200" h="14" zOrder="18">
      <progress>4</progress>
      <trackColor>4294967295</trackColor>
    </control>
    <control controlID="A464012D-8FF3-E911-A7B2-002332D99750" controlTypeID="Label" x="462" y="150" w="27" h="32" zOrder="19">
      <font family="Baloo" displayName="Baloo" postScript="Baloo-Regular" weightStyle="Regular" weight="400" isBold="False" isItalic="False"/>
      <text>0.5</text>
      <textColor>4294967295</textColor>
      <textSize>20</textSize>
      <lineSpacing>0</lineSpacing>
      <selectedIndex>-1</selectedIndex>
    </control>
    <control controlID="4465012D-8FF3-E911-A7B2-002332D99750" controlTypeID="Label" x="518" y="150" w="24" h="32" zOrder="20">
      <font family="Baloo" displayName="Baloo" postScript="Baloo-Regular" weightStyle="Regular" weight="400" isBold="False" isItalic="False"/>
      <text>1.0</text>
      <textColor>4294967295</textColor>
      <textSize>20</textSize>
      <lineSpacing>0</lineSpacing>
      <selectedIndex>-1</selectedIndex>
    </control>
    <control controlID="E465012D-8FF3-E911-A7B2-002332D99750" controlTypeID="Label" x="570" y="150" w="23" h="32" zOrder="21">
      <font family="Baloo" displayName="Baloo" postScript="Baloo-Regular" weightStyle="Regular" weight="400" isBold="False" isItalic="False"/>
      <text>1.5</text>
      <textColor>4294967295</textColor>
      <textSize>20</textSize>
      <lineSpacing>0</lineSpacing>
      <selectedIndex>-1</selectedIndex>
    </control>
    <control controlID="8466012D-8FF3-E911-A7B2-002332D99750" controlTypeID="Label" x="620" y="150" w="27" h="32" zOrder="22">
      <font family="Baloo" displayName="Baloo" postScript="Baloo-Regular" weightStyle="Regular" weight="400" isBold="False" isItalic="False"/>
      <text>2.0</text>
      <textColor>4294967295</textColor>
      <textSize>20</textSize>
      <lineSpacing>0</lineSpacing>
      <selectedIndex>-1</selectedIndex>
    </control>
    <control controlID="22284C3C-8FF3-E911-A7B2-002332D99750" controlTypeID="Label" x="378" y="165" w="67" h="32" zOrder="23">
      <font family="Baloo" displayName="Baloo" postScript="Baloo-Regular" weightStyle="Regular" weight="400" isBold="False" isItalic="False"/>
      <text>Radius%3A</text>
      <textColor>4294967295</textColor>
      <textSize>20</textSize>
      <lineSpacing>0</lineSpacing>
      <selectedIndex>-1</selectedIndex>
    </control>
  </controls>
  <param>
    <backgroundColor>4294967295</backgroundColor>
    <fontSize>20</fontSize>
    <fontFamily>Baloo</fontFamily>
    <guideLines/>
  </param>
</mockup>