﻿<mockup version="5.3" minAllowVersion="5.3" ID="8005BF2E-F4F2-E911-92FF-002332D99750" platform="MtMobile" defaultW="667" defaultH="375" measureW="667" measureH="375" screenOrientation="MoLandscape" mobileScreenScale="1.77777779102325" clipArea="(0,0,0,0)">
  <controls controlCount="11">
    <control controlID="1874A851-63F3-E911-A7B2-002332D99750" controlTypeID="Image" x="0" y="0" w="668" h="389" zOrder="0">
      <URL>CD09415A40BCF492002857ED2BBA2C10.jpg</URL>
    </control>
    <control controlID="FA82BF6C-63F3-E911-A7B2-002332D99750" controlTypeID="Label" x="63" y="10" w="541" h="67" zOrder="1">
      <font family="Nasa" displayName="Nasa" postScript="Nasa" weightStyle="Medium" weight="500" isBold="False" isItalic="False" useDefaultFontFamily="False"/>
      <text>Build-A-Planet</text>
      <textColor>4294967295</textColor>
      <textSize>72</textSize>
      <lineSpacing>0</lineSpacing>
      <useDefaultTextSize>False</useDefaultTextSize>
      <selectedIndex>-1</selectedIndex>
    </control>
    <control controlID="ECC35409-81F3-E911-A7B2-002332D99750" controlTypeID="TextArea" x="13" y="92" w="647" h="63" zOrder="2">
      <font family="Baloo" displayName="Baloo" postScript="Baloo-Regular" weightStyle="Regular" weight="400" isBold="False" isItalic="False"/>
      <text>To+complete+your+settings%2C+select+the+final+items+for+your+Topping+and+Dressing%3A</text>
      <textSize>20</textSize>
      <selectedIndex>-1</selectedIndex>
    </control>
    <control controlID="5E477EF8-68F3-E911-A7B2-002332D99750" controlTypeID="TextArea" x="15" y="90" w="647" h="63" zOrder="3">
      <font family="Baloo" displayName="Baloo" postScript="Baloo-Regular" weightStyle="Regular" weight="400" isBold="False" isItalic="False"/>
      <text>To+complete+your+settings%2C+select+the+final+items+for+your+Topping+and+Dressing%3A</text>
      <textColor>4294967040</textColor>
      <textSize>20</textSize>
      <selectedIndex>-1</selectedIndex>
    </control>
    <control controlID="BC8D874F-69F3-E911-A7B2-002332D99750" controlTypeID="PageControlEx" x="274" y="330" w="85" h="40" zOrder="4">
      <links eventType="AtClick" animate="AmSlideLeft" animateAutoDelay="0" animateDuration="500">
        <link targetPageID="" linkType="ltPageLink" isApplyIncludePage="False" title="1">
          <area shape="0" alt="" ID="{DA481B03-71F3-E911-A7B2-002332D99750}" coords="(0,0,17,40)"/>
        </link>
        <link targetPageID="C8996541-6DF3-E911-A7B2-002332D99750" linkType="ltPageLink" isApplyIncludePage="False" title="2">
          <area shape="0" alt="" ID="{7E541B03-71F3-E911-A7B2-002332D99750}" coords="(17,0,34,40)"/>
        </link>
        <link targetPageID="" linkType="ltPageLink" isApplyIncludePage="False" title="3">
          <area shape="0" alt="" ID="{0A551B03-71F3-E911-A7B2-002332D99750}" coords="(34,0,51,40)"/>
        </link>
        <link targetPageID="328073F8-84F3-E911-A7B2-002332D99750" linkType="ltPageLink" isApplyIncludePage="False" title="4">
          <area shape="0" alt="" ID="{82551B03-71F3-E911-A7B2-002332D99750}" coords="(51,0,68,40)"/>
        </link>
        <link targetPageID="" linkType="ltPageLink" isApplyIncludePage="False" title="5">
          <area shape="0" alt="" ID="{FA551B03-71F3-E911-A7B2-002332D99750}" coords="(68,0,85,40)"/>
        </link>
      </links>
      <gap>10</gap>
      <size>7</size>
      <selectedIndex>2</selectedIndex>
    </control>
    <control controlID="748011DB-6CF3-E911-A7B2-002332D99750" controlTypeID="Button" x="534" y="307" w="121" h="58" zOrder="5">
      <opacity>0.5</opacity>
      <links eventType="AtClick" animate="AmSlideLeft" animateAutoDelay="0" animateDuration="500">
        <link targetPageID="AE79ADD9-99F3-E911-A7B2-002332D99750" linkType="ltPageLink" isApplyIncludePage="False" title="Info+Planetary+Surface+Type">
          <area shape="0" alt="" ID="{423AD0B1-9FF3-E911-A7B2-002332D99750}" coords="(0,0,121,58)"/>
        </link>
      </links>
      <font family="Baloo" displayName="Baloo" postScript="Baloo-Regular" weightStyle="Regular" weight="400" isBold="False" isItalic="False"/>
      <text>Learn+a+bit+more+about+the+surface+of+a+planet</text>
      <textSize>12</textSize>
      <lineSpacing>0</lineSpacing>
      <useDefaultTextSize>False</useDefaultTextSize>
      <selectedIndex>-1</selectedIndex>
    </control>
    <control controlID="3C4C6B3C-6EF3-E911-A7B2-002332D99750" controlTypeID="Label" x="22" y="165" w="76" h="32" zOrder="6">
      <font family="Baloo" displayName="Baloo" postScript="Baloo-Regular" weightStyle="Regular" weight="400" isBold="False" isItalic="False"/>
      <text>Surface%3A</text>
      <textColor>4294967295</textColor>
      <textSize>20</textSize>
      <lineSpacing>0</lineSpacing>
      <selectedIndex>-1</selectedIndex>
    </control>
    <control controlID="54B66546-6FF3-E911-A7B2-002332D99750" controlTypeID="Label" x="22" y="223" w="210" h="32" zOrder="7">
      <font family="Baloo" displayName="Baloo" postScript="Baloo-Regular" weightStyle="Regular" weight="400" isBold="False" isItalic="False"/>
      <text>Distance+from+the+Star%3A</text>
      <textColor>4294967295</textColor>
      <textSize>20</textSize>
      <lineSpacing>0</lineSpacing>
      <selectedIndex>-1</selectedIndex>
    </control>
    <control controlID="F4BFCB92-81F3-E911-A7B2-002332D99750" controlTypeID="RadioButtonGroup" x="112" y="164" w="350" h="36" zOrder="8">
      <font family="Baloo" displayName="Baloo" postScript="Baloo-Regular" weightStyle="Regular" weight="400" isBold="False" isItalic="False"/>
      <text>Smooshy%0AToasty!%0AEyeball</text>
      <textColor>4294967295</textColor>
      <textSize>20</textSize>
      <lineSpacing>0</lineSpacing>
      <columnCount>3</columnCount>
      <size>15</size>
      <itemHeight>36</itemHeight>
      <itemRect>[{"left":0,"top":0,"right":111,"bottom":36},{"left":121,"top":0,"right":216,"bottom":36},{"left":226,"top":0,"right":320,"bottom":36}]</itemRect>
    </control>
    <control controlID="5607846B-83F3-E911-A7B2-002332D99750" controlTypeID="HSlider" x="241" y="232" w="251" h="14" zOrder="9">
      <trackColor>4294967295</trackColor>
    </control>
    <control controlID="602C49A4-83F3-E911-A7B2-002332D99750" controlTypeID="Label" x="238" y="200" w="255" h="32" zOrder="10">
      <font family="Baloo" displayName="Baloo" postScript="Baloo-Regular" weightStyle="Regular" weight="400" isBold="False" isItalic="False"/>
      <text>0.3+++1.0+++++2.0+++++++++++++4.0+++++++++6.0</text>
      <textColor>4294967295</textColor>
      <textSize>20</textSize>
      <lineSpacing>0</lineSpacing>
      <selectedIndex>-1</selectedIndex>
    </control>
  </controls>
  <param>
    <backgroundColor>4294967295</backgroundColor>
    <fontSize>20</fontSize>
    <fontFamily>Baloo</fontFamily>
    <guideLines/>
  </param>
</mockup>